address,tokenId,balance
0xDA1eaa6D6BA271B1FB9e5d014FdBff6326d26aF6,1,17
0x3e38185CB72A12E91a1B8dB8eAeaB2fc928231bB,1,16
0x6Aa181B9eEb1A2273c280FD403d6F2AA299C12b9,1,15
0x474b02bEdB8a12C3c3E41E605648D8EF4a39196c,1,12
0xDd31167C7b0f999593F224433750cF5630F845B5,1,11
0x5a61dd9A663a868144660F5fB7Dc8dB68F0500Fb,1,11
0x22631DB25aD15AcFEd04c9b65f8EaAD05F3bFD25,1,11
0x33f2DBdbe8e694EB1f59a057a2d78189b2217B87,1,10
0x1B8E0178598550343a3e457a8598bc3389E84C27,1,10
0x45Dec9c67A7C671bD297f394674E580Ea8fa701F,1,9
0x054c3f238FD1530de48eDd9BF88bbF66f4Ae4981,1,9
0xa498b00A4A61C684Ee895203Bb93eBBF5C6da000,1,8
0x9a050a1Bb04Abf8635e96b63ee5FD735Fa26F89c,1,8
0x8802719Ea260B4b75B07e63AD4DE0e83C8c557d0,1,8
0x8b9F8a0330C67DcceEc401A76df6506145c48A47,1,7
0x12a38c1754051093FBa9AB98326EC46Fd0e9547e,1,7
0x0a1a8a13fd2c3094B8F563B4944Db4e18bFcF90C,1,7
0xBB458aa7974fA12d4aC2b53be7c453c4cB5207CC,1,6
0x8cB1F920e437791A97443cC81b62476120D30e40,1,6
0xEE889769F463e00a4fE642B78A191245127cBbbC,1,5
0xD1a4EF529b9D6682da7B6DCd8Cb2cfE0A856928D,1,5
0x7456AEe86A79df9a31db896c9d45833028b8bc0F,1,5
0x4F0De440a4039Be1F2aCC1414b35a2dD7Dda0845,1,5
0xd9dA5ef554e0AF872c870005Ae1aF32F330c7b29,1,4
0xc10DfbC7829AFA006cfb381fFd15A19274873368,1,4
0x7F2C67895Eeb9EB99f4d3F4ca7907E61fed738cc,1,4
0x7d70470A594e0A8d59f19EA579e8078FC85F929C,1,4
0x7624066e1F83954dbe80c14182E6920d084B308c,1,4
0x6BBB1CEA66dB7bef23c23235aFE27d889ca00588,1,4
0x67DaC0bBD22Ab2821eA982ac0542f6c409cAFe3A,1,4
0x343d35eC024a00d14e608c78b74776FE7D1ba9Ad,1,4
0x03536CBC8ccDe6BC616A8b71D3C3F42278F670E8,1,4
0xfAA8dcc827153B8A4B70B109e6489992cD19103f,1,3
0xd7467784791ebAe72180623a438f5a8C93602A50,1,3
0xd51D49A1a67AB4ED75825D1F8a99b1c794e4A164,1,3
0xB417f4a5647a792ff7AAd04600497bC94b6Ea6A8,1,3
0x5B81f894e5B0D3B7361DEFa454F50736C2aDD7eF,1,3
0x4BdD9678731F0aac735FFcFad38a72106484fb40,1,3
0x4778300FB7068FAC4743Ad6a10880531a8308Ff3,1,3
0x39718FD8CA10e9730A25BFc0eFC4781D563e465A,1,3
0x378476669E891dA8289B326286d907Fb9917b359,1,3
0x1B7E61ecEA3008B18B5Af852e2caB0bc699d0E39,1,3
0x0D8d78700E23E82b280f57Db10c26b2fF51Cd8cD,1,3
0xfd3f412fc20b7ED21740786F097322b679331779,1,2
0xfA5dDC5345a1991ECF9aa01Aa5331979ec8e8293,1,2
0xF87AAFaA01f252d50929c28575f76e3fDd7613C3,1,2
0xE3ce7F85cBa941203262b808Ac518f71d739F0af,1,2
0xdC510ba636513b6084c262f258B16b4326414929,1,2
0xCFBdb68eB6C577F45863755EAB1c65Ce496d235F,1,2
0xcBf11b40e267F9c694524BbC14d715f6b190c113,1,2
0xBc671543EEa9816E353A96638EeDe0fC84917F7A,1,2
0xA26aF2851372264B5eD1A481b2a28EbEE26cf6f0,1,2
0x88A3365508B83A95E4f360b343f4600D1150404D,1,2
0x88829b6cFbd56148DBc170C11ff935DEB76EB55C,1,2
0x79C9384595b07a991850CE990FEd9507d97d30ED,1,2
0x59498B560F0f8504Bb9AE691EAF4D2E585336D18,1,2
0x56d26D444BBB2bD45C0Fa1B12ed1f8aa469d07b0,1,2
0x3F9DEc537771bfF9e448B17d067aE8BBce8095F4,1,2
0x37065cb2FdE3797d95Ae20c165600D5eA12caaC1,1,2
0x33b87D97C0b20Af9310D6EF56202AEEc0d9a3780,1,2
0x31EbB228fd26E876e76c541fFfaf64abfC0d43b4,1,2
0x2FBc45b6575767B4900D24cB18523Ffd2A3f6152,1,2
0x1Bf2f04a033FF7a6753E99CaC4F84E67dC43636e,1,2
0x18a4f479c37f41B6fbACf5F08aDfE767A3A7cb29,1,2
0x12BbfcD97B792E614eF346061C05f4a98277f9Ac,1,2
0x0cD85302F0B6387aaEB645FC69A95900cdcA842B,1,2
0x08e748d7907CD2aDaeD2600a644A6a69406ED47d,1,2
0x05974614B74d479Db24b16263CE1Ae2beEE43841,1,2
0xfC83192a4047247462C36e5823990688Ace93FE3,1,1
0xF78A221A82632b6068d9AFdBE728422477634adb,1,1
0xF703c5652826380E97264f38acB7c54BabE73403,1,1
0xf68ED322A0A9d2437C2b521c635e6C409Ef4B386,1,1
0xf4916f278CDB399729f15d18d0a6DE2a5f761D2F,1,1
0xed56Aef509B93065D9752Fd7416dbF83865936a7,1,1
0xEb01fF124D71b6C7E6613fd6E0A86c28C733F008,1,1
0xE875Fbdece0b9caE0CBf7C7Ba14113190f23CecC,1,1
0xE4E75D7dF7fE0CfDfAc5fa0C1E4EB184d5Ef614C,1,1
0xe44a248FB44DC69668488C961498eE465206CDd7,1,1
0xe250276C27a8626b778D2c1b6c059eE412d9399d,1,1
0xE1Ab77Fa0C089Dd578fA1e542E50D655a37C3b05,1,1
0xe149024370b4aAB25E9E5ecb655b602a283C585f,1,1
0xe0Acb95e8d1D366Aa8234342e85DFbf888168948,1,1
0xDF68be7237fB03EEe5D8738D794d0fe5E23Dfc8c,1,1
0xDB8601eF0ED92332dE606cF535fEfF9c88cfbeE0,1,1
0xdA15C52DBeDA2496B292d6DeC596948A66D89A15,1,1
0xD6e9015d8fAD5fDCBD253C6069992e4141Eb0724,1,1
0xd6994f3E1D760328ece63aDfaD5346DBF970ea11,1,1
0xD1eE65197eb4708b57310375fd95064B1ba68A44,1,1
0xcEb4A8BFb9BF960dB32eAfaa5e1dC6B8284bE1E5,1,1
0xCDDF7DA8b3D077C3cCafd15B40A012Bdc6236410,1,1
0xCd12A5504D5e1B6D63573f63E7eA898A937E535f,1,1
0xcb751A8c082D299E0520E4Cb038fD04BdEe6167d,1,1
0xc6c667b969966a95959217B8f6b91eE04B5Ca692,1,1
0xc61a3F6b71BBd85C8Beafb8A04803deB2029A346,1,1
0xC5274bf2E8D54210989e5859C3DD98F8Ef008AE5,1,1
0xC3d5bC2eccBcbEe96DcDc4826349076A7868136E,1,1
0xc2f3d29d6A221c9d721E2AAB424d7b37AC9147ab,1,1
0xc122E4413D2F857412BE39a158ADf7b4a7C00f3C,1,1
0xBead14390863D5F5E3b57fA099c60aAeCc3774dD,1,1
0xbc7f526f25B99e2C10B7fdbBe167CD653A9FF283,1,1
0xbc6B9F108B44010d89c0aA0daFB14fEF6cfF8674,1,1
0xbBb8248386F506e27E2E1908F9AE71cAF2aDB97f,1,1
0xb76735d1626DC524038d23f5F9DC2345F4EeF7aF,1,1
0xb6234FF7d76F27e4C6AEF0Dc8Ffc8d6b74eF98e0,1,1
0xb3a353B041Dc3CdF034Be09d4AFf7354E6E0392c,1,1
0xB39EA113ceC3325a026EC872272636FA5F634C00,1,1
0xb32129941e178B94C06b4496702Bd0b0b9290EBC,1,1
0xB2fc4979a44385a23814bFF89d28627209Ba5a36,1,1
0xb1D41f9E8D4C44Fb47e828c2AC728cd15353121b,1,1
0xAdBb2aD252FcF0DF1b38125b4A1b9fE662F1bE32,1,1
0xac7eF19Ac8C321270ab3067a34b26346ca3CB0Ea,1,1
0xaB194571857298B94333c7c2FD69222a3a2E5A5E,1,1
0xa36270239fF5EF5b1bd7737ea7f15FB18F7D4302,1,1
0xA27D47CC86f01b4A00F92365fAb4257DB8d77308,1,1
0xa0Bb394Be5CC8783BD1f00E3843088791B5242a7,1,1
0x9f89051ef10eE644A603AD066794219A3bCd6C33,1,1
0x9f0a8ac1C2a3760171f4d14eAc78f106Dc9c8406,1,1
0x9dbe7Ef6ad6078d9AC3E826Dc8DA73e697ceEa1d,1,1
0x9d61cC5Dd8aa36725D8C2C5B5a8Eedd8c8feC3C2,1,1
0x9cc8ECBD7d7a475a835f0956E70EB336a847d760,1,1
0x9c92C1ef6606396B8dE0D0620A4Dd37f7c0A7527,1,1
0x971336868C2c1DAb62789Be14DBDdceecb8182E2,1,1
0x9645AE222557FE2006D4F8489E94498935aed45d,1,1
0x94a69C3549880a57b4D93EDdB3DEE09F79617486,1,1
0x8B74F154f7E649591C597DE4C2F9F78637035726,1,1
0x888B143430E84Ec47f5dce5c4AAaA1EB62B08f5D,1,1
0x88340aEa8c5B5C9e1dAd0685AEEAeDF366B7e627,1,1
0x8056A51E6B3af207c223f432F620d39F3918cC21,1,1
0x795955044c990f85511F367b4f6Dc261D2048fFF,1,1
0x78Ad0A60F4A4F42e9C37E00951e8A65b982F14B4,1,1
0x772be94aC42B88c4d97aE5305845584B3af3fE74,1,1
0x704A296920eF52aFAE236A6D9741513ed15279F7,1,1
0x6d780a893cfD66EaDa11e5F16d70531fE4dfaFbf,1,1
0x6ae1ad3b3Cc8a1F873598977fa26b2c881D7b6F8,1,1
0x67a5Ab0aef8e6B3B2aE4ba1d514c2CCce2CA6E56,1,1
0x66E678F79498d934F4d4BEDEE496adeb9B6b2C34,1,1
0x66D928B9a886C851410Ac797806630a3A5773739,1,1
0x663fEB7Ecd4650DD662E7f7142b2Eb970029B3b7,1,1
0x64d4FCC3Bb197E4252BF44a2a9166fFf1faa90B9,1,1
0x62EBc4EEb11e18051CDd423d9B37A03F65ace892,1,1
0x62C42b06575383c1ef45ab20169058F1A1D6ebfF,1,1
0x6029Bfd00e0B53b848E85F1eD5649dCa71E0e8b7,1,1
0x5f3d6141B371e1D3FDA66171640374211024B6A0,1,1
0x5A6aC5D798B0B4963290E80E1CDc132b28576b00,1,1
0x4F64C6b8333F74890b0ba0AF4d480d8ecce01e17,1,1
0x4eB357Cd7c1846Ea399993Cc52C04711289dc05E,1,1
0x4aD23d631e9F4530dc0a4323899eAA6aF1FCB082,1,1
0x4a5C3247bcDa98BFB7aA5E92401A6346Fadcfe5b,1,1
0x4A362D7dE010b2B69d751d1B3B43bfE43c488B1b,1,1
0x4a1F314b2d51d2f34A3d7265901671C286dD42FC,1,1
0x49D522712D2786b56680Cc69f5B5b4d4f541b0A4,1,1
0x4577299393c131E63Ee2744bAad91E76a39F79d6,1,1
0x4438ee240ac68a4859d3f584af3E94b42e2FC327,1,1
0x42Dac4c72EEe97baeE3bBacc7102790a7a1800Ee,1,1
0x40bC680b605c6A9824860ABB101e482A8131e108,1,1
0x3eA0bCaa301209A1A25eC5c71D56296a704eFEAb,1,1
0x3e98aF24FAe32c4f6F1BDd36d77E3156eD2B7553,1,1
0x3E07e111ED6dA79e9d1Cb44fC9879A1F51CD770c,1,1
0x3b2FfEdDcCF8d12aCdFDCebAFAde1317ddA9Cb89,1,1
0x3A293Bed8818746230A8F50E5AA8bbDA9C10B7Cc,1,1
0x393b5505807dCe9f57ED9e285317e15fF0C622A9,1,1
0x38Bb6509c5086330Ceb506B672fd0E4B6EE20CaB,1,1
0x38A656C67eEd5e04d5F8bf93A1f54515b284a78c,1,1
0x374801c2999C8c41202e3f9245290570DbbC7D76,1,1
0x373C4963f05b5074e3e0cA2154A9a8b1BC7aCAC4,1,1
0x35656AA8fE50636F7fD0522331Ea11f725d22E03,1,1
0x3195c3F94154364E897711e501e104f40D8e23fb,1,1
0x3154bcd4Ce641cd726157D2cC3e9d9A26661D1Ea,1,1
0x2e070A0859Dd0968A44b055D6a214869F9569d76,1,1
0x2c44586DD63e5b70BE47F20e7c83b1c2d45c3100,1,1
0x2C2Fa8A0B0Aa01169D1F7e2Dc70829572C263d58,1,1
0x2BA87A5135E7CD392001A0A51A8d8D7ca5A9559a,1,1
0x2b54008849e25f0CF1C037C010Ad234948fBD6Ce,1,1
0x255b7833AD17851276bE013Fdfd81e13223D884C,1,1
0x1e8A4ec0a8546c532a929C7D53fc3E8853b963f1,1,1
0x1d2669C2C19C9d0C761d3E336D205a39f97a4fBB,1,1
0x17f9C6E2cca389e42553C00438f2224C0245b100,1,1
0x17B2Bb7f834DFae79a551f1Bfb8630020b6Be93d,1,1
0x13a4E0e84A9989607ef662A810200f462DD96808,1,1
0x1397D30BB0DcE8030FFEfC78E1E5D71eA62A52Be,1,1
0x12143dD03d77e548adCaEb7eb67d257C21BE5E41,1,1
0x10A337700d22DBBe49C8ABF9858CaD560e303F9e,1,1
0x1076c2cfB8d1f3AA5Bf050D8C0d6D128175BFEee,1,1
0x10468b17277968984f1c11A626A616Cb1c7684DA,1,1
0x0F921F3C21AfDf6821141Bf36b2e107872e59e6D,1,1
0x0e0cb27f2a4A3562afb541064A3862321037920C,1,1
0x0e0a4aa4d1051F76b985633812c475BD4c8c6E23,1,1
0x0b8B3FCe8221F414588052aC5F5d99BB6795cd6A,1,1
0x0829CA409fc92Ac16A9749033cCcFD094bDA2bBf,1,1
0x054e195Fb76E5BEaDb8D11b835714F51B19a732e,1,1
0x0040Df12FDDd28be28f37152cB51c28b18f71135,1,1
