address,tokenId
0xE14041141fFE5999AE6a8d5836b1166228852322,0
0xE14041141fFE5999AE6a8d5836b1166228852322,1
0x79C9384595b07a991850CE990FEd9507d97d30ED,2
0xE14041141fFE5999AE6a8d5836b1166228852322,3
0xfdaCcDB6C0021C994bd43B82a698f7aFb0860b78,4
0xC779CEB0853fa7AB6a38c587c1CFC702e4603d9B,5
0x12BbfcD97B792E614eF346061C05f4a98277f9Ac,6
0x4D3D9B456f36742a2027BE1a5f941bbB1fd2640a,7
0x4D3D9B456f36742a2027BE1a5f941bbB1fd2640a,8
0x4D3D9B456f36742a2027BE1a5f941bbB1fd2640a,9
0x4D3D9B456f36742a2027BE1a5f941bbB1fd2640a,10
0x4D3D9B456f36742a2027BE1a5f941bbB1fd2640a,11
0x4D3D9B456f36742a2027BE1a5f941bbB1fd2640a,12
0x4D3D9B456f36742a2027BE1a5f941bbB1fd2640a,13
0x4D3D9B456f36742a2027BE1a5f941bbB1fd2640a,14
0xF53eEeEAD686776043a4557e2342e3C415411733,15
0xF53eEeEAD686776043a4557e2342e3C415411733,16
0xF53eEeEAD686776043a4557e2342e3C415411733,17
0xF53eEeEAD686776043a4557e2342e3C415411733,18
0xF53eEeEAD686776043a4557e2342e3C415411733,19
0xF53eEeEAD686776043a4557e2342e3C415411733,20
0xF53eEeEAD686776043a4557e2342e3C415411733,21
0xF53eEeEAD686776043a4557e2342e3C415411733,22
0x2bc9f668939001c355c114d5Df65ec03000DE873,23
0x2bc9f668939001c355c114d5Df65ec03000DE873,24
0x2bc9f668939001c355c114d5Df65ec03000DE873,25
0x2bc9f668939001c355c114d5Df65ec03000DE873,26
0x2bc9f668939001c355c114d5Df65ec03000DE873,27
0x2bc9f668939001c355c114d5Df65ec03000DE873,28
0x2bc9f668939001c355c114d5Df65ec03000DE873,29
0x2bc9f668939001c355c114d5Df65ec03000DE873,30
0x281058Cc98e8c85D078585eDB508898667AC4043,31
0x281058Cc98e8c85D078585eDB508898667AC4043,32
0x281058Cc98e8c85D078585eDB508898667AC4043,33
0x281058Cc98e8c85D078585eDB508898667AC4043,34
0x281058Cc98e8c85D078585eDB508898667AC4043,35
0x281058Cc98e8c85D078585eDB508898667AC4043,36
0x281058Cc98e8c85D078585eDB508898667AC4043,37
0x281058Cc98e8c85D078585eDB508898667AC4043,38
0x5d6580bCfE3BC812cFe0724E922FC9DB7BD7143c,39
0x5d6580bCfE3BC812cFe0724E922FC9DB7BD7143c,40
0x5d6580bCfE3BC812cFe0724E922FC9DB7BD7143c,41
0x5d6580bCfE3BC812cFe0724E922FC9DB7BD7143c,42
0x5d6580bCfE3BC812cFe0724E922FC9DB7BD7143c,43
0x5d6580bCfE3BC812cFe0724E922FC9DB7BD7143c,44
0x5d6580bCfE3BC812cFe0724E922FC9DB7BD7143c,45
0x5d6580bCfE3BC812cFe0724E922FC9DB7BD7143c,46
0x3A0884449E50A524E4fB7676dEa4e06A7E0F4159,47
0x3A0884449E50A524E4fB7676dEa4e06A7E0F4159,48
0x3A0884449E50A524E4fB7676dEa4e06A7E0F4159,49
0x3A0884449E50A524E4fB7676dEa4e06A7E0F4159,50
0x3A0884449E50A524E4fB7676dEa4e06A7E0F4159,51
0x3A0884449E50A524E4fB7676dEa4e06A7E0F4159,52
0x3A0884449E50A524E4fB7676dEa4e06A7E0F4159,53
0x3A0884449E50A524E4fB7676dEa4e06A7E0F4159,54
0xd51D49A1a67AB4ED75825D1F8a99b1c794e4A164,55
0xd51D49A1a67AB4ED75825D1F8a99b1c794e4A164,56
0xd51D49A1a67AB4ED75825D1F8a99b1c794e4A164,57
0xd51D49A1a67AB4ED75825D1F8a99b1c794e4A164,58
0xd51D49A1a67AB4ED75825D1F8a99b1c794e4A164,59
0xd51D49A1a67AB4ED75825D1F8a99b1c794e4A164,60
0xd51D49A1a67AB4ED75825D1F8a99b1c794e4A164,61
0xd51D49A1a67AB4ED75825D1F8a99b1c794e4A164,62
0xa91A73C911935e93A977B9FDE9F29DAB81fb6BC8,63
0x6C9F70236d72D701938F645D9699DF3e95D1DB6d,64
0x6C9F70236d72D701938F645D9699DF3e95D1DB6d,65
0x6C9F70236d72D701938F645D9699DF3e95D1DB6d,66
0x6C9F70236d72D701938F645D9699DF3e95D1DB6d,67
0x6C9F70236d72D701938F645D9699DF3e95D1DB6d,68
0x6C9F70236d72D701938F645D9699DF3e95D1DB6d,69
0x6C9F70236d72D701938F645D9699DF3e95D1DB6d,70
0x6C9F70236d72D701938F645D9699DF3e95D1DB6d,71
0x4F0De440a4039Be1F2aCC1414b35a2dD7Dda0845,72
0x4F0De440a4039Be1F2aCC1414b35a2dD7Dda0845,73
0x4F0De440a4039Be1F2aCC1414b35a2dD7Dda0845,74
0x4F0De440a4039Be1F2aCC1414b35a2dD7Dda0845,75
0x4F0De440a4039Be1F2aCC1414b35a2dD7Dda0845,76
0x4F0De440a4039Be1F2aCC1414b35a2dD7Dda0845,77
0x4F0De440a4039Be1F2aCC1414b35a2dD7Dda0845,78
0x4F0De440a4039Be1F2aCC1414b35a2dD7Dda0845,79
0xEdcCDaF7BD5AfC585911700772E1155a3191d9d4,80
0xEdcCDaF7BD5AfC585911700772E1155a3191d9d4,81
0xEdcCDaF7BD5AfC585911700772E1155a3191d9d4,82
0xEdcCDaF7BD5AfC585911700772E1155a3191d9d4,83
0xEdcCDaF7BD5AfC585911700772E1155a3191d9d4,84
0xEdcCDaF7BD5AfC585911700772E1155a3191d9d4,85
0xEdcCDaF7BD5AfC585911700772E1155a3191d9d4,86
0xEdcCDaF7BD5AfC585911700772E1155a3191d9d4,87
0x04412B403A4B6d2F00D8bF93F1e6a5BCdd80D560,88
0x04412B403A4B6d2F00D8bF93F1e6a5BCdd80D560,89
0x04412B403A4B6d2F00D8bF93F1e6a5BCdd80D560,90
0x04412B403A4B6d2F00D8bF93F1e6a5BCdd80D560,91
0x04412B403A4B6d2F00D8bF93F1e6a5BCdd80D560,92
0x04412B403A4B6d2F00D8bF93F1e6a5BCdd80D560,93
0x04412B403A4B6d2F00D8bF93F1e6a5BCdd80D560,94
0x04412B403A4B6d2F00D8bF93F1e6a5BCdd80D560,95
0xbF263dC8676850Ad98F20A47c0FCBCc2beD1dA89,96
0xbF263dC8676850Ad98F20A47c0FCBCc2beD1dA89,97
0xbF263dC8676850Ad98F20A47c0FCBCc2beD1dA89,98
0xbF263dC8676850Ad98F20A47c0FCBCc2beD1dA89,99
0xbF263dC8676850Ad98F20A47c0FCBCc2beD1dA89,100
0xbF263dC8676850Ad98F20A47c0FCBCc2beD1dA89,101
0xbF263dC8676850Ad98F20A47c0FCBCc2beD1dA89,102
0xbF263dC8676850Ad98F20A47c0FCBCc2beD1dA89,103
0x281058Cc98e8c85D078585eDB508898667AC4043,104
0x417487275239E0f6c5AC79f5D60135eCf118169b,105
0xfBD6803A7a0FE2b8c2a4E3790095B394FdF95b5A,106
0xa91A73C911935e93A977B9FDE9F29DAB81fb6BC8,107
0x12a38c1754051093FBa9AB98326EC46Fd0e9547e,108
0xEFFa0B6B2Ed1A91c14c281F23eAbc4e2d7Ff6FCf,109
0xEFFa0B6B2Ed1A91c14c281F23eAbc4e2d7Ff6FCf,110
0xEFFa0B6B2Ed1A91c14c281F23eAbc4e2d7Ff6FCf,111
0xEFFa0B6B2Ed1A91c14c281F23eAbc4e2d7Ff6FCf,112
0xEFFa0B6B2Ed1A91c14c281F23eAbc4e2d7Ff6FCf,113
0xEFFa0B6B2Ed1A91c14c281F23eAbc4e2d7Ff6FCf,114
0xEFFa0B6B2Ed1A91c14c281F23eAbc4e2d7Ff6FCf,115
0xEFFa0B6B2Ed1A91c14c281F23eAbc4e2d7Ff6FCf,116
0x417487275239E0f6c5AC79f5D60135eCf118169b,117
0x9f3548946850e17655F76A031C7d602202D8F51a,118
0x9f3548946850e17655F76A031C7d602202D8F51a,119
0x9f3548946850e17655F76A031C7d602202D8F51a,120
0x9f3548946850e17655F76A031C7d602202D8F51a,121
0x9f3548946850e17655F76A031C7d602202D8F51a,122
0x9f3548946850e17655F76A031C7d602202D8F51a,123
0x9f3548946850e17655F76A031C7d602202D8F51a,124
0x9f3548946850e17655F76A031C7d602202D8F51a,125
0x3d3B69457Ce7e7998f19e85E018B5a296Aed781e,126
0x3d3B69457Ce7e7998f19e85E018B5a296Aed781e,127
0x3d3B69457Ce7e7998f19e85E018B5a296Aed781e,128
0x3d3B69457Ce7e7998f19e85E018B5a296Aed781e,129
0x3d3B69457Ce7e7998f19e85E018B5a296Aed781e,130
0x3d3B69457Ce7e7998f19e85E018B5a296Aed781e,131
0x3d3B69457Ce7e7998f19e85E018B5a296Aed781e,132
0x3d3B69457Ce7e7998f19e85E018B5a296Aed781e,133
0x0D8d78700E23E82b280f57Db10c26b2fF51Cd8cD,134
0x0D8d78700E23E82b280f57Db10c26b2fF51Cd8cD,135
0x0D8d78700E23E82b280f57Db10c26b2fF51Cd8cD,136
0x0D8d78700E23E82b280f57Db10c26b2fF51Cd8cD,137
0x0D8d78700E23E82b280f57Db10c26b2fF51Cd8cD,138
0x0D8d78700E23E82b280f57Db10c26b2fF51Cd8cD,139
0x0D8d78700E23E82b280f57Db10c26b2fF51Cd8cD,140
0x0D8d78700E23E82b280f57Db10c26b2fF51Cd8cD,141
0xa91A73C911935e93A977B9FDE9F29DAB81fb6BC8,142
0x468B609Cb13Eb1126260f91cD4FC22F98ea499Ec,143
0xD1Be0d7De9CB6cB1184a80b237AC9Ceb403D3752,144
0xecb97c17d9cD6adD9d02B6610058A230eaE5e766,145
0xecb97c17d9cD6adD9d02B6610058A230eaE5e766,146
0xecb97c17d9cD6adD9d02B6610058A230eaE5e766,147
0xecb97c17d9cD6adD9d02B6610058A230eaE5e766,148
0xecb97c17d9cD6adD9d02B6610058A230eaE5e766,149
0xecb97c17d9cD6adD9d02B6610058A230eaE5e766,150
0xecb97c17d9cD6adD9d02B6610058A230eaE5e766,151
0xecb97c17d9cD6adD9d02B6610058A230eaE5e766,152
0x5a61dd9A663a868144660F5fB7Dc8dB68F0500Fb,153
0x5a61dd9A663a868144660F5fB7Dc8dB68F0500Fb,154
0x5a61dd9A663a868144660F5fB7Dc8dB68F0500Fb,155
0x5a61dd9A663a868144660F5fB7Dc8dB68F0500Fb,156
0x5a61dd9A663a868144660F5fB7Dc8dB68F0500Fb,157
0x5a61dd9A663a868144660F5fB7Dc8dB68F0500Fb,158
0x5a61dd9A663a868144660F5fB7Dc8dB68F0500Fb,159
0x5a61dd9A663a868144660F5fB7Dc8dB68F0500Fb,160
0xd06b955733a5666F0Ff82eAd9501Ab3253560181,161
0xd06b955733a5666F0Ff82eAd9501Ab3253560181,162
0x2902c6F5b554fe12173Dee98d4Bf77AA6b3A29f5,163
0x2902c6F5b554fe12173Dee98d4Bf77AA6b3A29f5,164
0x2902c6F5b554fe12173Dee98d4Bf77AA6b3A29f5,165
0x2902c6F5b554fe12173Dee98d4Bf77AA6b3A29f5,166
0x2902c6F5b554fe12173Dee98d4Bf77AA6b3A29f5,167
0x2902c6F5b554fe12173Dee98d4Bf77AA6b3A29f5,168
0x2902c6F5b554fe12173Dee98d4Bf77AA6b3A29f5,169
0x2902c6F5b554fe12173Dee98d4Bf77AA6b3A29f5,170
0x5a61dd9A663a868144660F5fB7Dc8dB68F0500Fb,171
0xDB8601eF0ED92332dE606cF535fEfF9c88cfbeE0,172
0xfdbd99FC971f9E0732CA87E4633eadC7BADE5188,173
0x61eCa06a20a6B7F09EfBE78117A9CC632E332227,174
0xEE889769F463e00a4fE642B78A191245127cBbbC,175
0xEE889769F463e00a4fE642B78A191245127cBbbC,176
0xEE889769F463e00a4fE642B78A191245127cBbbC,177
0xEE889769F463e00a4fE642B78A191245127cBbbC,178
0xEE889769F463e00a4fE642B78A191245127cBbbC,179
0xEE889769F463e00a4fE642B78A191245127cBbbC,180
0xEE889769F463e00a4fE642B78A191245127cBbbC,181
0xEE889769F463e00a4fE642B78A191245127cBbbC,182
0xc3fF82ddf2f1c6252D4FD0DeeD2A87d09c753024,183
0xDB8601eF0ED92332dE606cF535fEfF9c88cfbeE0,184
0xCb286622D343c459770d2F3E4E21c63a73a69FC4,185
0xad355a5e5742a832099eDDed45A9593d512482ED,186
0xad355a5e5742a832099eDDed45A9593d512482ED,187
0xad355a5e5742a832099eDDed45A9593d512482ED,188
0xad355a5e5742a832099eDDed45A9593d512482ED,189
0xad355a5e5742a832099eDDed45A9593d512482ED,190
0xad355a5e5742a832099eDDed45A9593d512482ED,191
0xad355a5e5742a832099eDDed45A9593d512482ED,192
0xad355a5e5742a832099eDDed45A9593d512482ED,193
0xfBD6803A7a0FE2b8c2a4E3790095B394FdF95b5A,194
0x87C2E4DD9B35184Bcdee2933f9d1d5f87ec01311,195
0x87C2E4DD9B35184Bcdee2933f9d1d5f87ec01311,196
0x87C2E4DD9B35184Bcdee2933f9d1d5f87ec01311,197
0x87C2E4DD9B35184Bcdee2933f9d1d5f87ec01311,198
0x87C2E4DD9B35184Bcdee2933f9d1d5f87ec01311,199
0x87C2E4DD9B35184Bcdee2933f9d1d5f87ec01311,200
0x87C2E4DD9B35184Bcdee2933f9d1d5f87ec01311,201
0x87C2E4DD9B35184Bcdee2933f9d1d5f87ec01311,202
0xE3E8a61611893A3161487A758d7868D2F25fEB18,203
0xE3E8a61611893A3161487A758d7868D2F25fEB18,204
0xE3E8a61611893A3161487A758d7868D2F25fEB18,205
0xE3E8a61611893A3161487A758d7868D2F25fEB18,206
0xE3E8a61611893A3161487A758d7868D2F25fEB18,207
0xE3E8a61611893A3161487A758d7868D2F25fEB18,208
0xE3E8a61611893A3161487A758d7868D2F25fEB18,209
0xE3E8a61611893A3161487A758d7868D2F25fEB18,210
0xbB4a8416079d1854b1591e6B87D680F85d9c7d8b,211
0xbB4a8416079d1854b1591e6B87D680F85d9c7d8b,212
0xbB4a8416079d1854b1591e6B87D680F85d9c7d8b,213
0xbB4a8416079d1854b1591e6B87D680F85d9c7d8b,214
0xbB4a8416079d1854b1591e6B87D680F85d9c7d8b,215
0xbB4a8416079d1854b1591e6B87D680F85d9c7d8b,216
0xbB4a8416079d1854b1591e6B87D680F85d9c7d8b,217
0xbB4a8416079d1854b1591e6B87D680F85d9c7d8b,218
0x8DFc2bBF8230b788899Ba0d5062985a69f611e9D,219
0x8DFc2bBF8230b788899Ba0d5062985a69f611e9D,220
0x8DFc2bBF8230b788899Ba0d5062985a69f611e9D,221
0x8DFc2bBF8230b788899Ba0d5062985a69f611e9D,222
0x8DFc2bBF8230b788899Ba0d5062985a69f611e9D,223
0x8DFc2bBF8230b788899Ba0d5062985a69f611e9D,224
0x8DFc2bBF8230b788899Ba0d5062985a69f611e9D,225
0x8DFc2bBF8230b788899Ba0d5062985a69f611e9D,226
0xf43d4d23cd19506A9B834fb5683629bAE04B9c6d,227
0xaeAf014cF88Edc5d666077D7c017D19A44F74505,228
0x561376C5c8313Bd742083d42e6B8b6D8Da701FFf,229
0x561376C5c8313Bd742083d42e6B8b6D8Da701FFf,230
0x561376C5c8313Bd742083d42e6B8b6D8Da701FFf,231
0x561376C5c8313Bd742083d42e6B8b6D8Da701FFf,232
0x561376C5c8313Bd742083d42e6B8b6D8Da701FFf,233
0x561376C5c8313Bd742083d42e6B8b6D8Da701FFf,234
0x561376C5c8313Bd742083d42e6B8b6D8Da701FFf,235
0x561376C5c8313Bd742083d42e6B8b6D8Da701FFf,236
0x0737b168C3F89cecd56c69091C297121479c573c,237
0xFEa941817545EAFa1529FBb9806e6539e4b01021,238
0x0829CA409fc92Ac16A9749033cCcFD094bDA2bBf,239
0xd7464f6283D4Be6D86E75f7EE9ae3240bBd18Be0,240
0x42Dac4c72EEe97baeE3bBacc7102790a7a1800Ee,241
0x42Dac4c72EEe97baeE3bBacc7102790a7a1800Ee,242
0x42Dac4c72EEe97baeE3bBacc7102790a7a1800Ee,243
0x42Dac4c72EEe97baeE3bBacc7102790a7a1800Ee,244
0x42Dac4c72EEe97baeE3bBacc7102790a7a1800Ee,245
0x42Dac4c72EEe97baeE3bBacc7102790a7a1800Ee,246
0x42Dac4c72EEe97baeE3bBacc7102790a7a1800Ee,247
0x42Dac4c72EEe97baeE3bBacc7102790a7a1800Ee,248
0x783ea3de8E633e75291a035A2046CDcE4AC0A67b,249
0x9b331487323B9E74E384449F422F5FabeE464F60,250
0x9b331487323B9E74E384449F422F5FabeE464F60,251
0x9b331487323B9E74E384449F422F5FabeE464F60,252
0x9b331487323B9E74E384449F422F5FabeE464F60,253
0x9b331487323B9E74E384449F422F5FabeE464F60,254
0x9b331487323B9E74E384449F422F5FabeE464F60,255
0x9b331487323B9E74E384449F422F5FabeE464F60,256
0x9b331487323B9E74E384449F422F5FabeE464F60,257
0xd51D49A1a67AB4ED75825D1F8a99b1c794e4A164,258
0x1aAB36b015c754b6dB7f241E0Bf5eDcF178419b8,259
0x1aAB36b015c754b6dB7f241E0Bf5eDcF178419b8,260
0x1aAB36b015c754b6dB7f241E0Bf5eDcF178419b8,261
0x1aAB36b015c754b6dB7f241E0Bf5eDcF178419b8,262
0x1aAB36b015c754b6dB7f241E0Bf5eDcF178419b8,263
0x1aAB36b015c754b6dB7f241E0Bf5eDcF178419b8,264
0x1aAB36b015c754b6dB7f241E0Bf5eDcF178419b8,265
0x1aAB36b015c754b6dB7f241E0Bf5eDcF178419b8,266
0xfdbd99FC971f9E0732CA87E4633eadC7BADE5188,267
0xfdbd99FC971f9E0732CA87E4633eadC7BADE5188,268
0xfdbd99FC971f9E0732CA87E4633eadC7BADE5188,269
0xfdbd99FC971f9E0732CA87E4633eadC7BADE5188,270
0xfdbd99FC971f9E0732CA87E4633eadC7BADE5188,271
0xfdbd99FC971f9E0732CA87E4633eadC7BADE5188,272
0xfdbd99FC971f9E0732CA87E4633eadC7BADE5188,273
0xfdbd99FC971f9E0732CA87E4633eadC7BADE5188,274
0x6E95D086E76A5F6f0aBA6d48645AE1DeFfB17DC1,275
0x6E95D086E76A5F6f0aBA6d48645AE1DeFfB17DC1,276
0x6E95D086E76A5F6f0aBA6d48645AE1DeFfB17DC1,277
0x6E95D086E76A5F6f0aBA6d48645AE1DeFfB17DC1,278
0x6E95D086E76A5F6f0aBA6d48645AE1DeFfB17DC1,279
0x6E95D086E76A5F6f0aBA6d48645AE1DeFfB17DC1,280
0x6E95D086E76A5F6f0aBA6d48645AE1DeFfB17DC1,281
0x6E95D086E76A5F6f0aBA6d48645AE1DeFfB17DC1,282
0x2C5711D24beB85e497551AEAB02D2d38eEb4fC97,283
0x2C5711D24beB85e497551AEAB02D2d38eEb4fC97,284
0x2C5711D24beB85e497551AEAB02D2d38eEb4fC97,285
0x2C5711D24beB85e497551AEAB02D2d38eEb4fC97,286
0x2C5711D24beB85e497551AEAB02D2d38eEb4fC97,287
0x2C5711D24beB85e497551AEAB02D2d38eEb4fC97,288
0x2C5711D24beB85e497551AEAB02D2d38eEb4fC97,289
0x2C5711D24beB85e497551AEAB02D2d38eEb4fC97,290
0xB39b546304DEB796244da9C7cf306e4b987055E7,291
0xB39b546304DEB796244da9C7cf306e4b987055E7,292
0xB39b546304DEB796244da9C7cf306e4b987055E7,293
0xB39b546304DEB796244da9C7cf306e4b987055E7,294
0xB39b546304DEB796244da9C7cf306e4b987055E7,295
0xB39b546304DEB796244da9C7cf306e4b987055E7,296
0xB39b546304DEB796244da9C7cf306e4b987055E7,297
0xB39b546304DEB796244da9C7cf306e4b987055E7,298
0x9202BF22605fB429aF0add0428F7CB4Dd8b6B26C,299
0x9202BF22605fB429aF0add0428F7CB4Dd8b6B26C,300
0x9202BF22605fB429aF0add0428F7CB4Dd8b6B26C,301
0x9202BF22605fB429aF0add0428F7CB4Dd8b6B26C,302
0x9202BF22605fB429aF0add0428F7CB4Dd8b6B26C,303
0x9202BF22605fB429aF0add0428F7CB4Dd8b6B26C,304
0x9202BF22605fB429aF0add0428F7CB4Dd8b6B26C,305
0x9202BF22605fB429aF0add0428F7CB4Dd8b6B26C,306
0x2FBc45b6575767B4900D24cB18523Ffd2A3f6152,307
0x2FBc45b6575767B4900D24cB18523Ffd2A3f6152,308
0x2FBc45b6575767B4900D24cB18523Ffd2A3f6152,309
0x2FBc45b6575767B4900D24cB18523Ffd2A3f6152,310
0x2FBc45b6575767B4900D24cB18523Ffd2A3f6152,311
0x2FBc45b6575767B4900D24cB18523Ffd2A3f6152,312
0x2FBc45b6575767B4900D24cB18523Ffd2A3f6152,313
0x2FBc45b6575767B4900D24cB18523Ffd2A3f6152,314
0xB08e1C6E547E7b764186Da0B906740401eB8BC6D,315
0x1aAB36b015c754b6dB7f241E0Bf5eDcF178419b8,316
0x837Ea8C791379BD69a1a85C5Db08c9cac233aC6B,317
0x837Ea8C791379BD69a1a85C5Db08c9cac233aC6B,318
0x837Ea8C791379BD69a1a85C5Db08c9cac233aC6B,319
0x837Ea8C791379BD69a1a85C5Db08c9cac233aC6B,320
0x837Ea8C791379BD69a1a85C5Db08c9cac233aC6B,321
0x837Ea8C791379BD69a1a85C5Db08c9cac233aC6B,322
0x837Ea8C791379BD69a1a85C5Db08c9cac233aC6B,323
0x837Ea8C791379BD69a1a85C5Db08c9cac233aC6B,324
0xD738fc40C5615b9847D25413921f02CfA9BC45FA,325
0xD738fc40C5615b9847D25413921f02CfA9BC45FA,326
0xD738fc40C5615b9847D25413921f02CfA9BC45FA,327
0xD738fc40C5615b9847D25413921f02CfA9BC45FA,328
0xD738fc40C5615b9847D25413921f02CfA9BC45FA,329
0xD738fc40C5615b9847D25413921f02CfA9BC45FA,330
0xD738fc40C5615b9847D25413921f02CfA9BC45FA,331
0xD738fc40C5615b9847D25413921f02CfA9BC45FA,332
0xB08e1C6E547E7b764186Da0B906740401eB8BC6D,333
0xCfc7e5C3f931080e1f865f117dAD0e2DFb504e99,334
0x2516C73ba3AF5B1b9b0b24f13CeEcF5d3c672888,335
0xB08e1C6E547E7b764186Da0B906740401eB8BC6D,336
0x2FBc45b6575767B4900D24cB18523Ffd2A3f6152,337
0xB48a48C44A91e1409CC58581628a304F513bcBD1,338
0xB48a48C44A91e1409CC58581628a304F513bcBD1,339
0xB48a48C44A91e1409CC58581628a304F513bcBD1,340
0xB48a48C44A91e1409CC58581628a304F513bcBD1,341
0xB48a48C44A91e1409CC58581628a304F513bcBD1,342
0xB48a48C44A91e1409CC58581628a304F513bcBD1,343
0xB48a48C44A91e1409CC58581628a304F513bcBD1,344
0xB48a48C44A91e1409CC58581628a304F513bcBD1,345
0x468B609Cb13Eb1126260f91cD4FC22F98ea499Ec,346
0x468B609Cb13Eb1126260f91cD4FC22F98ea499Ec,347
0x468B609Cb13Eb1126260f91cD4FC22F98ea499Ec,348
0x468B609Cb13Eb1126260f91cD4FC22F98ea499Ec,349
0x468B609Cb13Eb1126260f91cD4FC22F98ea499Ec,350
0x468B609Cb13Eb1126260f91cD4FC22F98ea499Ec,351
0x468B609Cb13Eb1126260f91cD4FC22F98ea499Ec,352
0x468B609Cb13Eb1126260f91cD4FC22F98ea499Ec,353
0x2FBc45b6575767B4900D24cB18523Ffd2A3f6152,354
0xAD1707b8401e36d342E100FcF648Ec702B9E0b01,355
0xAD1707b8401e36d342E100FcF648Ec702B9E0b01,356
0xAD1707b8401e36d342E100FcF648Ec702B9E0b01,357
0xAD1707b8401e36d342E100FcF648Ec702B9E0b01,358
0xAD1707b8401e36d342E100FcF648Ec702B9E0b01,359
0xAD1707b8401e36d342E100FcF648Ec702B9E0b01,360
0xAD1707b8401e36d342E100FcF648Ec702B9E0b01,361
0xAD1707b8401e36d342E100FcF648Ec702B9E0b01,362
0x972D4eF3e76391b709e34872cCbE5ffc40E6bE34,363
0x972D4eF3e76391b709e34872cCbE5ffc40E6bE34,364
0x972D4eF3e76391b709e34872cCbE5ffc40E6bE34,365
0x972D4eF3e76391b709e34872cCbE5ffc40E6bE34,366
0x972D4eF3e76391b709e34872cCbE5ffc40E6bE34,367
0x972D4eF3e76391b709e34872cCbE5ffc40E6bE34,368
0x972D4eF3e76391b709e34872cCbE5ffc40E6bE34,369
0x972D4eF3e76391b709e34872cCbE5ffc40E6bE34,370
0x2FBc45b6575767B4900D24cB18523Ffd2A3f6152,371
0x9d973E91b2E787023038B6f2032A98A19b67236f,372
0x9d973E91b2E787023038B6f2032A98A19b67236f,373
0xAe196822d2061efE45a8484EE98286351D944a51,374
0xd3dE1f8Aa8e9Cf7133Bb65f4555F8f09cFCB7473,375
0x48B8A29694f1491a7Fafe6Dd6e596307151e09C3,376
0x2FBc45b6575767B4900D24cB18523Ffd2A3f6152,377
0x387cc51d78AE9713280D5eF39a6144C8e69b8C4B,378
0x387cc51d78AE9713280D5eF39a6144C8e69b8C4B,379
0x387cc51d78AE9713280D5eF39a6144C8e69b8C4B,380
0x387cc51d78AE9713280D5eF39a6144C8e69b8C4B,381
0x387cc51d78AE9713280D5eF39a6144C8e69b8C4B,382
0x387cc51d78AE9713280D5eF39a6144C8e69b8C4B,383
0x387cc51d78AE9713280D5eF39a6144C8e69b8C4B,384
0x387cc51d78AE9713280D5eF39a6144C8e69b8C4B,385
0xF4b0d517f671A01dc90dFBA3c4402B117b0A7ADd,386
0xF4b0d517f671A01dc90dFBA3c4402B117b0A7ADd,387
0xF4b0d517f671A01dc90dFBA3c4402B117b0A7ADd,388
0xF4b0d517f671A01dc90dFBA3c4402B117b0A7ADd,389
0xF4b0d517f671A01dc90dFBA3c4402B117b0A7ADd,390
0xF4b0d517f671A01dc90dFBA3c4402B117b0A7ADd,391
0xF4b0d517f671A01dc90dFBA3c4402B117b0A7ADd,392
0xF4b0d517f671A01dc90dFBA3c4402B117b0A7ADd,393
0x787c32Bd8DA78ab1143Ad9e8D8Ba81901Ca622f8,394
0xE4E75D7dF7fE0CfDfAc5fa0C1E4EB184d5Ef614C,395
0xE4E75D7dF7fE0CfDfAc5fa0C1E4EB184d5Ef614C,396
0xE4E75D7dF7fE0CfDfAc5fa0C1E4EB184d5Ef614C,397
0xE4E75D7dF7fE0CfDfAc5fa0C1E4EB184d5Ef614C,398
0xE4E75D7dF7fE0CfDfAc5fa0C1E4EB184d5Ef614C,399
0xE4E75D7dF7fE0CfDfAc5fa0C1E4EB184d5Ef614C,400
0xE4E75D7dF7fE0CfDfAc5fa0C1E4EB184d5Ef614C,401
0xE4E75D7dF7fE0CfDfAc5fa0C1E4EB184d5Ef614C,402
0x10D1fB8CE48FCB6c418FFFBb1E4B919cA927763f,403
0x10D1fB8CE48FCB6c418FFFBb1E4B919cA927763f,404
0x10D1fB8CE48FCB6c418FFFBb1E4B919cA927763f,405
0x10D1fB8CE48FCB6c418FFFBb1E4B919cA927763f,406
0x10D1fB8CE48FCB6c418FFFBb1E4B919cA927763f,407
0x10D1fB8CE48FCB6c418FFFBb1E4B919cA927763f,408
0x10D1fB8CE48FCB6c418FFFBb1E4B919cA927763f,409
0x10D1fB8CE48FCB6c418FFFBb1E4B919cA927763f,410
0x48B8A29694f1491a7Fafe6Dd6e596307151e09C3,411
0x3D9f7163654541B7Da4915D3C0F600b00BF4099D,412
0x42fb27a00aC4dbD01B2CDe886126Ee206d9F89a7,413
0x05974614B74d479Db24b16263CE1Ae2beEE43841,414
0x42Dac4c72EEe97baeE3bBacc7102790a7a1800Ee,415
0x88829b6cFbd56148DBc170C11ff935DEB76EB55C,416
0x0a074814C8ed6d96D31EFA521c881d4d330d292F,417
0x49788d07a5b27C07AD9150435310083bc0654D4e,418
0x1A659BA6e485a6ff6680782a24C50f9daDd6ef73,419
0x9ac178571187A40BEF7c5Cb61dFC3D26c7e3F571,420
0x9ac178571187A40BEF7c5Cb61dFC3D26c7e3F571,421
0x9ac178571187A40BEF7c5Cb61dFC3D26c7e3F571,422
0x9ac178571187A40BEF7c5Cb61dFC3D26c7e3F571,423
0x9ac178571187A40BEF7c5Cb61dFC3D26c7e3F571,424
0x9ac178571187A40BEF7c5Cb61dFC3D26c7e3F571,425
0x9ac178571187A40BEF7c5Cb61dFC3D26c7e3F571,426
0x9ac178571187A40BEF7c5Cb61dFC3D26c7e3F571,427
0x87eFf1A349a6F257Ce2c80eed0DAd58899666e5c,428
0x4D80a8fDfa078f89AD4e872091ADfc4ffddBbf25,429
0xd2816CBd395C9003341B77e686d65A3bA6375d4B,430
0xd2816CBd395C9003341B77e686d65A3bA6375d4B,431
0xd2816CBd395C9003341B77e686d65A3bA6375d4B,432
0xd2816CBd395C9003341B77e686d65A3bA6375d4B,433
0xd2816CBd395C9003341B77e686d65A3bA6375d4B,434
0xd2816CBd395C9003341B77e686d65A3bA6375d4B,435
0xd2816CBd395C9003341B77e686d65A3bA6375d4B,436
0xd2816CBd395C9003341B77e686d65A3bA6375d4B,437
0x87eFf1A349a6F257Ce2c80eed0DAd58899666e5c,438
0x1A659BA6e485a6ff6680782a24C50f9daDd6ef73,439
0x51D2bF026Fde1Ce087c178d9cE3F91FdEbF054E6,440
0x739dC8f3045F6ad394C62ED3Ef043E8cE1ae2E1b,441
0x42Dac4c72EEe97baeE3bBacc7102790a7a1800Ee,442
0xB8CC60D397d9a1495DD642763165b761020f8C9E,443
0x17f9C6E2cca389e42553C00438f2224C0245b100,444
0x17f9C6E2cca389e42553C00438f2224C0245b100,445
0x17f9C6E2cca389e42553C00438f2224C0245b100,446
0x17f9C6E2cca389e42553C00438f2224C0245b100,447
0x17f9C6E2cca389e42553C00438f2224C0245b100,448
0x17f9C6E2cca389e42553C00438f2224C0245b100,449
0x17f9C6E2cca389e42553C00438f2224C0245b100,450
0x17f9C6E2cca389e42553C00438f2224C0245b100,451
0x42Dac4c72EEe97baeE3bBacc7102790a7a1800Ee,452
0x87eFf1A349a6F257Ce2c80eed0DAd58899666e5c,453
0x42Dac4c72EEe97baeE3bBacc7102790a7a1800Ee,454
0x87eFf1A349a6F257Ce2c80eed0DAd58899666e5c,455
0x38A564A38Be5DFb6eF2AB765dA1e4397d03C2D62,456
0x38A564A38Be5DFb6eF2AB765dA1e4397d03C2D62,457
0x38A564A38Be5DFb6eF2AB765dA1e4397d03C2D62,458
0x38A564A38Be5DFb6eF2AB765dA1e4397d03C2D62,459
0x38A564A38Be5DFb6eF2AB765dA1e4397d03C2D62,460
0x38A564A38Be5DFb6eF2AB765dA1e4397d03C2D62,461
0x38A564A38Be5DFb6eF2AB765dA1e4397d03C2D62,462
0x38A564A38Be5DFb6eF2AB765dA1e4397d03C2D62,463
0x6969acb4fEEE368165E8eE36D4036A36d445C06D,464
0x6969acb4fEEE368165E8eE36D4036A36d445C06D,465
0x6969acb4fEEE368165E8eE36D4036A36d445C06D,466
0x6969acb4fEEE368165E8eE36D4036A36d445C06D,467
0x6969acb4fEEE368165E8eE36D4036A36d445C06D,468
0x6969acb4fEEE368165E8eE36D4036A36d445C06D,469
0x6969acb4fEEE368165E8eE36D4036A36d445C06D,470
0x6969acb4fEEE368165E8eE36D4036A36d445C06D,471
0x40EaeAbcB854611162e948F8cc5863806F9Abf9f,472
0x228fefc57eecB4E94aeB1cdF9e9507ccf5Cdf67f,473
0x228fefc57eecB4E94aeB1cdF9e9507ccf5Cdf67f,474
0x228fefc57eecB4E94aeB1cdF9e9507ccf5Cdf67f,475
0x228fefc57eecB4E94aeB1cdF9e9507ccf5Cdf67f,476
0x228fefc57eecB4E94aeB1cdF9e9507ccf5Cdf67f,477
0x228fefc57eecB4E94aeB1cdF9e9507ccf5Cdf67f,478
0x228fefc57eecB4E94aeB1cdF9e9507ccf5Cdf67f,479
0x228fefc57eecB4E94aeB1cdF9e9507ccf5Cdf67f,480
0xF87AAFaA01f252d50929c28575f76e3fDd7613C3,481
0x38A564A38Be5DFb6eF2AB765dA1e4397d03C2D62,482
0xe223c05FA8C4c010d97649aD24009c722F0B3ee3,483
0xe223c05FA8C4c010d97649aD24009c722F0B3ee3,484
0xe223c05FA8C4c010d97649aD24009c722F0B3ee3,485
0xe223c05FA8C4c010d97649aD24009c722F0B3ee3,486
0xe223c05FA8C4c010d97649aD24009c722F0B3ee3,487
0xe223c05FA8C4c010d97649aD24009c722F0B3ee3,488
0xe223c05FA8C4c010d97649aD24009c722F0B3ee3,489
0xe223c05FA8C4c010d97649aD24009c722F0B3ee3,490
0x59498B560F0f8504Bb9AE691EAF4D2E585336D18,491
0x42Dac4c72EEe97baeE3bBacc7102790a7a1800Ee,492
0xCbE80A330F5221ac28392933BdeE65f1F2dAb834,493
0x9b50f750Dc4Eb597Fd5BB0B8C435D734782368fE,494
0x9b50f750Dc4Eb597Fd5BB0B8C435D734782368fE,495
0x9b50f750Dc4Eb597Fd5BB0B8C435D734782368fE,496
0x9b50f750Dc4Eb597Fd5BB0B8C435D734782368fE,497
0x9b50f750Dc4Eb597Fd5BB0B8C435D734782368fE,498
0x9b50f750Dc4Eb597Fd5BB0B8C435D734782368fE,499
0x9b50f750Dc4Eb597Fd5BB0B8C435D734782368fE,500
0x9b50f750Dc4Eb597Fd5BB0B8C435D734782368fE,501
0xdaFa74f09eC5e03E7dE75E0d80B81A88636e65fe,502
0x1397D30BB0DcE8030FFEfC78E1E5D71eA62A52Be,503
0xE06c8E73834F8a82900fc093F8dcdA1c59bbDCA7,504
0x7878c4d495590caD57C76091B600f5491bE6b949,505
0x6eD76abC8246Ed029C529a31a1dBF4dC2CB25246,506
0x570b86aC7E3cB18A1bc9506F6Ecb7fF724D284fa,507
0x570b86aC7E3cB18A1bc9506F6Ecb7fF724D284fa,508
0x570b86aC7E3cB18A1bc9506F6Ecb7fF724D284fa,509
0x570b86aC7E3cB18A1bc9506F6Ecb7fF724D284fa,510
0x570b86aC7E3cB18A1bc9506F6Ecb7fF724D284fa,511
0x570b86aC7E3cB18A1bc9506F6Ecb7fF724D284fa,512
0x570b86aC7E3cB18A1bc9506F6Ecb7fF724D284fa,513
0x570b86aC7E3cB18A1bc9506F6Ecb7fF724D284fa,514
0x87eFf1A349a6F257Ce2c80eed0DAd58899666e5c,515
0xE1Ab77Fa0C089Dd578fA1e542E50D655a37C3b05,516
0x76e3e524df9e29863B06cd858bb1D8ed7F3dd8Ab,517
0x42Dac4c72EEe97baeE3bBacc7102790a7a1800Ee,518
0x5a61dd9A663a868144660F5fB7Dc8dB68F0500Fb,519
0x81bE604c314F2C95bb433191A296e9be370d099E,520
0x6Aa181B9eEb1A2273c280FD403d6F2AA299C12b9,521
0x6Aa181B9eEb1A2273c280FD403d6F2AA299C12b9,522
0x6Aa181B9eEb1A2273c280FD403d6F2AA299C12b9,523
0x6Aa181B9eEb1A2273c280FD403d6F2AA299C12b9,524
0x6Aa181B9eEb1A2273c280FD403d6F2AA299C12b9,525
0x6Aa181B9eEb1A2273c280FD403d6F2AA299C12b9,526
0x6Aa181B9eEb1A2273c280FD403d6F2AA299C12b9,527
0x6Aa181B9eEb1A2273c280FD403d6F2AA299C12b9,528
0x817A322D652Ad609986c56EeBD3375fb9F0462A2,529
0x87eFf1A349a6F257Ce2c80eed0DAd58899666e5c,530
0x28703C5eB87d7e10dE57a80A58bc6108187B0060,531
0x28703C5eB87d7e10dE57a80A58bc6108187B0060,532
0x28703C5eB87d7e10dE57a80A58bc6108187B0060,533
0x28703C5eB87d7e10dE57a80A58bc6108187B0060,534
0x28703C5eB87d7e10dE57a80A58bc6108187B0060,535
0x28703C5eB87d7e10dE57a80A58bc6108187B0060,536
0x28703C5eB87d7e10dE57a80A58bc6108187B0060,537
0x28703C5eB87d7e10dE57a80A58bc6108187B0060,538
0x393b5505807dCe9f57ED9e285317e15fF0C622A9,539
0xd537C667d491949f0657102F56b077050AA7805f,540
0xecCE99b4b41a8b27dC280cFB2ee5a55ebCB861Ba,541
0x8BFfF78EdbFa534FE52Dd87d945DAC9A671957Ae,542
0x8BFfF78EdbFa534FE52Dd87d945DAC9A671957Ae,543
0x8BFfF78EdbFa534FE52Dd87d945DAC9A671957Ae,544
0x8BFfF78EdbFa534FE52Dd87d945DAC9A671957Ae,545
0x8BFfF78EdbFa534FE52Dd87d945DAC9A671957Ae,546
0x8BFfF78EdbFa534FE52Dd87d945DAC9A671957Ae,547
0x8BFfF78EdbFa534FE52Dd87d945DAC9A671957Ae,548
0x8BFfF78EdbFa534FE52Dd87d945DAC9A671957Ae,549
0x6df61319898DD27287D3E507D399F9137506Cd2e,550
0x0f8A780277409af1d86d5fC8FD605bb1692ef18C,551
0x0f8A780277409af1d86d5fC8FD605bb1692ef18C,552
0x0f8A780277409af1d86d5fC8FD605bb1692ef18C,553
0x0f8A780277409af1d86d5fC8FD605bb1692ef18C,554
0x0f8A780277409af1d86d5fC8FD605bb1692ef18C,555
0x0f8A780277409af1d86d5fC8FD605bb1692ef18C,556
0x0f8A780277409af1d86d5fC8FD605bb1692ef18C,557
0x0f8A780277409af1d86d5fC8FD605bb1692ef18C,558
0xA01764561087eF308Ddc216406226d8242c55670,559
0x59Dc913BF7C1342a0fEC3F0323a7a4a1475b3329,560
0x59Dc913BF7C1342a0fEC3F0323a7a4a1475b3329,561
0x59Dc913BF7C1342a0fEC3F0323a7a4a1475b3329,562
0x59Dc913BF7C1342a0fEC3F0323a7a4a1475b3329,563
0x59Dc913BF7C1342a0fEC3F0323a7a4a1475b3329,564
0x59Dc913BF7C1342a0fEC3F0323a7a4a1475b3329,565
0x59Dc913BF7C1342a0fEC3F0323a7a4a1475b3329,566
0x59Dc913BF7C1342a0fEC3F0323a7a4a1475b3329,567
0x011211eC9576923988C2Fe5aA3a362528c4e7e64,568
0x011211eC9576923988C2Fe5aA3a362528c4e7e64,569
0x011211eC9576923988C2Fe5aA3a362528c4e7e64,570
0x011211eC9576923988C2Fe5aA3a362528c4e7e64,571
0x011211eC9576923988C2Fe5aA3a362528c4e7e64,572
0x011211eC9576923988C2Fe5aA3a362528c4e7e64,573
0x011211eC9576923988C2Fe5aA3a362528c4e7e64,574
0x011211eC9576923988C2Fe5aA3a362528c4e7e64,575
0x97Ec09CE4350Cc16F98271d5806f5368353BAAfA,576
0xaf50942A6552333a69f736a00aAf7D5f57E764E1,577
0xaf50942A6552333a69f736a00aAf7D5f57E764E1,578
0xaf50942A6552333a69f736a00aAf7D5f57E764E1,579
0xaf50942A6552333a69f736a00aAf7D5f57E764E1,580
0xaf50942A6552333a69f736a00aAf7D5f57E764E1,581
0xaf50942A6552333a69f736a00aAf7D5f57E764E1,582
0xaf50942A6552333a69f736a00aAf7D5f57E764E1,583
0xaf50942A6552333a69f736a00aAf7D5f57E764E1,584
0x9fF12D0Aa891B40D1A999A781FBa8e796885D791,585
0xD6777E42b99e549D2bE9B0d38775EE044e42D0A0,586
0xaFAA188Ba59D8b7950C6B287Bb11E77759da714A,587
0xaFAA188Ba59D8b7950C6B287Bb11E77759da714A,588
0xaFAA188Ba59D8b7950C6B287Bb11E77759da714A,589
0xaFAA188Ba59D8b7950C6B287Bb11E77759da714A,590
0xaFAA188Ba59D8b7950C6B287Bb11E77759da714A,591
0xaFAA188Ba59D8b7950C6B287Bb11E77759da714A,592
0xaFAA188Ba59D8b7950C6B287Bb11E77759da714A,593
0xaFAA188Ba59D8b7950C6B287Bb11E77759da714A,594
0x46979309936f719D963eC8E8B4645F2730d65aB3,595
0x9fF12D0Aa891B40D1A999A781FBa8e796885D791,596
0xA624d23acb2BcB56f792AB06fdeb3180566512b7,597
0x9fF12D0Aa891B40D1A999A781FBa8e796885D791,598
0x660255Af9Aa0300BB168DCe9Db30A7Baaa88C751,599
0x660255Af9Aa0300BB168DCe9Db30A7Baaa88C751,600
0x660255Af9Aa0300BB168DCe9Db30A7Baaa88C751,601
0x660255Af9Aa0300BB168DCe9Db30A7Baaa88C751,602
0x660255Af9Aa0300BB168DCe9Db30A7Baaa88C751,603
0x660255Af9Aa0300BB168DCe9Db30A7Baaa88C751,604
0x660255Af9Aa0300BB168DCe9Db30A7Baaa88C751,605
0x660255Af9Aa0300BB168DCe9Db30A7Baaa88C751,606
0x1076c2cfB8d1f3AA5Bf050D8C0d6D128175BFEee,607
0x1076c2cfB8d1f3AA5Bf050D8C0d6D128175BFEee,608
0x0738f2a25e59bB9178aCea620935Ef8895b71c3d,609
0x0738f2a25e59bB9178aCea620935Ef8895b71c3d,610
0x0738f2a25e59bB9178aCea620935Ef8895b71c3d,611
0x0738f2a25e59bB9178aCea620935Ef8895b71c3d,612
0x0738f2a25e59bB9178aCea620935Ef8895b71c3d,613
0x0738f2a25e59bB9178aCea620935Ef8895b71c3d,614
0x0738f2a25e59bB9178aCea620935Ef8895b71c3d,615
0x0738f2a25e59bB9178aCea620935Ef8895b71c3d,616
0xE57D8a8047E6643Bd546cA9C7666d637D9Bc1996,617
0xA6CcFDA51641D5CcE7F2B376Ca29FaEf8abdC0D1,618
0xA6CcFDA51641D5CcE7F2B376Ca29FaEf8abdC0D1,619
0xA6CcFDA51641D5CcE7F2B376Ca29FaEf8abdC0D1,620
0xA6CcFDA51641D5CcE7F2B376Ca29FaEf8abdC0D1,621
0xA6CcFDA51641D5CcE7F2B376Ca29FaEf8abdC0D1,622
0xA6CcFDA51641D5CcE7F2B376Ca29FaEf8abdC0D1,623
0xA6CcFDA51641D5CcE7F2B376Ca29FaEf8abdC0D1,624
0xA6CcFDA51641D5CcE7F2B376Ca29FaEf8abdC0D1,625
0xB5462e14432E27A63CDA06Cf7a0595Bfed600AA1,626
0xB5462e14432E27A63CDA06Cf7a0595Bfed600AA1,627
0xB5462e14432E27A63CDA06Cf7a0595Bfed600AA1,628
0xB5462e14432E27A63CDA06Cf7a0595Bfed600AA1,629
0xB5462e14432E27A63CDA06Cf7a0595Bfed600AA1,630
0xB5462e14432E27A63CDA06Cf7a0595Bfed600AA1,631
0xB5462e14432E27A63CDA06Cf7a0595Bfed600AA1,632
0xB5462e14432E27A63CDA06Cf7a0595Bfed600AA1,633
0x95785dDB6b7C2069520a547BDa324359600Fee01,634
0x3CF5A54cA70e2be24B481e142B4fC265656adEed,635
0x3CF5A54cA70e2be24B481e142B4fC265656adEed,636
0x3CF5A54cA70e2be24B481e142B4fC265656adEed,637
0x3CF5A54cA70e2be24B481e142B4fC265656adEed,638
0x3CF5A54cA70e2be24B481e142B4fC265656adEed,639
0x3CF5A54cA70e2be24B481e142B4fC265656adEed,640
0x3CF5A54cA70e2be24B481e142B4fC265656adEed,641
0x3CF5A54cA70e2be24B481e142B4fC265656adEed,642
0x52825B8CF007f35e1A3E0e4FAd76778823Fa5378,643
0x52825B8CF007f35e1A3E0e4FAd76778823Fa5378,644
0x52825B8CF007f35e1A3E0e4FAd76778823Fa5378,645
0x52825B8CF007f35e1A3E0e4FAd76778823Fa5378,646
0x52825B8CF007f35e1A3E0e4FAd76778823Fa5378,647
0x52825B8CF007f35e1A3E0e4FAd76778823Fa5378,648
0x52825B8CF007f35e1A3E0e4FAd76778823Fa5378,649
0x52825B8CF007f35e1A3E0e4FAd76778823Fa5378,650
0xAC89c3cE92fc779202650987a4677E39ba7806FB,651
0x31E78bB913861cA8Cc944E5D6cA246d077c2fAA0,652
0x31E78bB913861cA8Cc944E5D6cA246d077c2fAA0,653
0x31E78bB913861cA8Cc944E5D6cA246d077c2fAA0,654
0x31E78bB913861cA8Cc944E5D6cA246d077c2fAA0,655
0x31E78bB913861cA8Cc944E5D6cA246d077c2fAA0,656
0x31E78bB913861cA8Cc944E5D6cA246d077c2fAA0,657
0x31E78bB913861cA8Cc944E5D6cA246d077c2fAA0,658
0x31E78bB913861cA8Cc944E5D6cA246d077c2fAA0,659
0x9870039d74A6C92c11A39F3fA46d36990a232757,660
0x9870039d74A6C92c11A39F3fA46d36990a232757,661
0x9870039d74A6C92c11A39F3fA46d36990a232757,662
0x9870039d74A6C92c11A39F3fA46d36990a232757,663
0x9870039d74A6C92c11A39F3fA46d36990a232757,664
0x9870039d74A6C92c11A39F3fA46d36990a232757,665
0x9870039d74A6C92c11A39F3fA46d36990a232757,666
0x9870039d74A6C92c11A39F3fA46d36990a232757,667
0x8A798784aB344517Ddd1AAbff31C07a07dda8373,668
0x7dAD42f6a5EbE7F0f91A23927E945538a4a9E202,669
0xDE79fA44e6A37F437b2DC74E81e3958ABe9f000F,670
0xDdfd2627fAE4D379332f0e96f802Fc6901A2B920,671
0x506e211e2597e7697309A532cB6227a0b559032B,672
0x506e211e2597e7697309A532cB6227a0b559032B,673
0x506e211e2597e7697309A532cB6227a0b559032B,674
0x506e211e2597e7697309A532cB6227a0b559032B,675
0x506e211e2597e7697309A532cB6227a0b559032B,676
0x506e211e2597e7697309A532cB6227a0b559032B,677
0x506e211e2597e7697309A532cB6227a0b559032B,678
0x506e211e2597e7697309A532cB6227a0b559032B,679
0xb1371C57dc2C1b8e28157DBB9d83097072741af6,680
0xb1371C57dc2C1b8e28157DBB9d83097072741af6,681
0xb1371C57dc2C1b8e28157DBB9d83097072741af6,682
0xb1371C57dc2C1b8e28157DBB9d83097072741af6,683
0xb1371C57dc2C1b8e28157DBB9d83097072741af6,684
0xb1371C57dc2C1b8e28157DBB9d83097072741af6,685
0xb1371C57dc2C1b8e28157DBB9d83097072741af6,686
0xb1371C57dc2C1b8e28157DBB9d83097072741af6,687
0x7972523ad23426aBf631977600D5a878Fd48bAc6,688
0xDEdbfEE3Ab91B4Aca500a11128225e41667F6708,689
0x5b58e96b30f015E48b44C9F64511f52DeA0b888e,690
0x85C10a8d6e154ed51Ab0a20f9aE02996C40A3266,691
0x062CD1f7f482430BC3F10cF71664e0C0Bdf584D3,692
0x384cE5A3eE0647183f0ABE96952839eDa9faE72F,693
0x384cE5A3eE0647183f0ABE96952839eDa9faE72F,694
0x384cE5A3eE0647183f0ABE96952839eDa9faE72F,695
0x384cE5A3eE0647183f0ABE96952839eDa9faE72F,696
0x384cE5A3eE0647183f0ABE96952839eDa9faE72F,697
0x384cE5A3eE0647183f0ABE96952839eDa9faE72F,698
0x384cE5A3eE0647183f0ABE96952839eDa9faE72F,699
0x384cE5A3eE0647183f0ABE96952839eDa9faE72F,700
0xF521dD46c9b24B8A2352402697FD0Cd581EC5F64,701
0xF82e722B8770f364Cac8cFd3740Cbb7a2790fA4a,702
0x176FfF8b046f5B89EA328e3A6a79D6fe88905A0e,703
0xF7a2F0978d9875Df33E44F4d4A8dD2D4566Fa8cF,704
0x7a1671067ad16fba6B2414FfADb2E158DBB0c935,705
0x5A47BB0b77E045cc68F3Bb0F4B8Ed9514e14587F,706
0x1098AE2ff8b4869395849627a664026D51335c48,707
0x0C8CdA26bB059f71387F1543020CbafEe3b81631,708
0x70F6B77D6B75A5e64551760E069cB5FbD1A634Bd,709
0x03AA122abAB15aa852b1450596DBAcD2345317bD,710
0x39555C88dD5a59A4556a3658c89F3DFc7DF03Ad2,711
0x39555C88dD5a59A4556a3658c89F3DFc7DF03Ad2,712
0x39555C88dD5a59A4556a3658c89F3DFc7DF03Ad2,713
0x39555C88dD5a59A4556a3658c89F3DFc7DF03Ad2,714
0x39555C88dD5a59A4556a3658c89F3DFc7DF03Ad2,715
0x39555C88dD5a59A4556a3658c89F3DFc7DF03Ad2,716
0x39555C88dD5a59A4556a3658c89F3DFc7DF03Ad2,717
0x39555C88dD5a59A4556a3658c89F3DFc7DF03Ad2,718
0x4b5788F50E44e593C7Bd92eB66fa59600bAA9432,719
0x4E8d623832e7741CBE72Fa1481FbbE80E48c8894,720
0x737def27b2a6B085dCF47EC7801A5a31951c94F7,721
0xDf73dBE9020FD06e52644f4bBc8eD449Db29aBd2,722
0x6Db66bcA64f06D7A4C06dD6aBe386D33a498A7A7,723
0xBAa98fe972144EF1DE53b801045CEc5A291cB30E,724
0xAb31c55F63Af3B5517FEb081e893c47C34933117,725
0xEE5C48DaA2C45805A3b191F1877839Ec45917141,726
0x88DD10A5BceCBa71f2493cB261b181f57943040d,727
0xd72e2A8b1A33B6689ccb7a929CbebF3a530dC5d7,728
0xD0f9f52BC948B27dAa4dA9275077Bc5a5B02Be5a,729
0xE0aeD5f5ea5AD990E6F8F2c1b3dBaA49E367CfC4,730
0xE0aeD5f5ea5AD990E6F8F2c1b3dBaA49E367CfC4,731
0xE0aeD5f5ea5AD990E6F8F2c1b3dBaA49E367CfC4,732
0xE0aeD5f5ea5AD990E6F8F2c1b3dBaA49E367CfC4,733
0xE0aeD5f5ea5AD990E6F8F2c1b3dBaA49E367CfC4,734
0xE0aeD5f5ea5AD990E6F8F2c1b3dBaA49E367CfC4,735
0xE0aeD5f5ea5AD990E6F8F2c1b3dBaA49E367CfC4,736
0xE0aeD5f5ea5AD990E6F8F2c1b3dBaA49E367CfC4,737
0x129DdF9c3958D5ae6A5A61a40110bEB8D7ca8E7d,738
0x129DdF9c3958D5ae6A5A61a40110bEB8D7ca8E7d,739
0x129DdF9c3958D5ae6A5A61a40110bEB8D7ca8E7d,740
0x129DdF9c3958D5ae6A5A61a40110bEB8D7ca8E7d,741
0x129DdF9c3958D5ae6A5A61a40110bEB8D7ca8E7d,742
0x129DdF9c3958D5ae6A5A61a40110bEB8D7ca8E7d,743
0x129DdF9c3958D5ae6A5A61a40110bEB8D7ca8E7d,744
0x129DdF9c3958D5ae6A5A61a40110bEB8D7ca8E7d,745
0x9fa97af8bCC4CeEC9e97F71D212c883736238A42,746
0x4c2A9F904D97E868D3339AB98071140E46A458CF,747
0x4c2A9F904D97E868D3339AB98071140E46A458CF,748
0x4c2A9F904D97E868D3339AB98071140E46A458CF,749
0x4c2A9F904D97E868D3339AB98071140E46A458CF,750
0x4c2A9F904D97E868D3339AB98071140E46A458CF,751
0x4c2A9F904D97E868D3339AB98071140E46A458CF,752
0x4c2A9F904D97E868D3339AB98071140E46A458CF,753
0x4c2A9F904D97E868D3339AB98071140E46A458CF,754
0x0e4E8fc0b29377E116470AD7f9fb7E47ad69E62A,755
0x0e4E8fc0b29377E116470AD7f9fb7E47ad69E62A,756
0x0e4E8fc0b29377E116470AD7f9fb7E47ad69E62A,757
0x0e4E8fc0b29377E116470AD7f9fb7E47ad69E62A,758
0x0e4E8fc0b29377E116470AD7f9fb7E47ad69E62A,759
0x0e4E8fc0b29377E116470AD7f9fb7E47ad69E62A,760
0x0e4E8fc0b29377E116470AD7f9fb7E47ad69E62A,761
0x0e4E8fc0b29377E116470AD7f9fb7E47ad69E62A,762
0x209b4B80Cded4eD6667705966B45f594504808c4,763
0x7763e98639ed6a6112a4119682A56e8CE0086A89,764
0xE33e4EfDe8df32601EB1fEe1F26F55752EFf757C,765
0xE33e4EfDe8df32601EB1fEe1F26F55752EFf757C,766
0xE33e4EfDe8df32601EB1fEe1F26F55752EFf757C,767
0xE33e4EfDe8df32601EB1fEe1F26F55752EFf757C,768
0xE33e4EfDe8df32601EB1fEe1F26F55752EFf757C,769
0xE33e4EfDe8df32601EB1fEe1F26F55752EFf757C,770
0xE33e4EfDe8df32601EB1fEe1F26F55752EFf757C,771
0xE33e4EfDe8df32601EB1fEe1F26F55752EFf757C,772
0xEE5C48DaA2C45805A3b191F1877839Ec45917141,773
0xD28512F8c3d0E3553Cb32275052a6B7022bcCE73,774
0x129DdF9c3958D5ae6A5A61a40110bEB8D7ca8E7d,775
0xfae880ADdFdF2CC475606471C89d47E22D1e11Fb,776
0x1FA4D89f1d044dCa763610F30E51AAda92C6c38c,777
0xFB0f5755DC920416b486752423c572451af72AEd,778
0x88DD10A5BceCBa71f2493cB261b181f57943040d,779
0x0424e057c2D0bC7e58C75975AAF38BF1e598cd49,780
0xfae880ADdFdF2CC475606471C89d47E22D1e11Fb,781
0xfae880ADdFdF2CC475606471C89d47E22D1e11Fb,782
0xfae880ADdFdF2CC475606471C89d47E22D1e11Fb,783
0xfae880ADdFdF2CC475606471C89d47E22D1e11Fb,784
0xfae880ADdFdF2CC475606471C89d47E22D1e11Fb,785
0xfae880ADdFdF2CC475606471C89d47E22D1e11Fb,786
0xfae880ADdFdF2CC475606471C89d47E22D1e11Fb,787
0xfae880ADdFdF2CC475606471C89d47E22D1e11Fb,788
0x7f3cd5Da54b7Aaf26Fe2EeCDbc394BD4d05B5226,789
0x0Fa756FfB9b97957BcD2195deD84C149F1c41218,790
0x6059EBa5522509f262641c609945996429649af5,791
0xeeDE9ACD5BbCd64915078323BDA6216dfb6565ef,792
0xeeDE9ACD5BbCd64915078323BDA6216dfb6565ef,793
0xeeDE9ACD5BbCd64915078323BDA6216dfb6565ef,794
0xeeDE9ACD5BbCd64915078323BDA6216dfb6565ef,795
0xeeDE9ACD5BbCd64915078323BDA6216dfb6565ef,796
0xeeDE9ACD5BbCd64915078323BDA6216dfb6565ef,797
0xeeDE9ACD5BbCd64915078323BDA6216dfb6565ef,798
0xeeDE9ACD5BbCd64915078323BDA6216dfb6565ef,799
0x8cB1F920e437791A97443cC81b62476120D30e40,800
0x8cB1F920e437791A97443cC81b62476120D30e40,801
0x8cB1F920e437791A97443cC81b62476120D30e40,802
0x8cB1F920e437791A97443cC81b62476120D30e40,803
0x8cB1F920e437791A97443cC81b62476120D30e40,804
0x8cB1F920e437791A97443cC81b62476120D30e40,805
0x8cB1F920e437791A97443cC81b62476120D30e40,806
0x8cB1F920e437791A97443cC81b62476120D30e40,807
0x3F0B9498Af4f998E50C4fDE74948029551cda3Af,808
0x3F0B9498Af4f998E50C4fDE74948029551cda3Af,809
0x3F0B9498Af4f998E50C4fDE74948029551cda3Af,810
0x3F0B9498Af4f998E50C4fDE74948029551cda3Af,811
0x3F0B9498Af4f998E50C4fDE74948029551cda3Af,812
0x3F0B9498Af4f998E50C4fDE74948029551cda3Af,813
0x3F0B9498Af4f998E50C4fDE74948029551cda3Af,814
0x3F0B9498Af4f998E50C4fDE74948029551cda3Af,815
0x0f36efCb819364A5B41C27dE0C5e00a42c768512,816
0x0f36efCb819364A5B41C27dE0C5e00a42c768512,817
0x0f36efCb819364A5B41C27dE0C5e00a42c768512,818
0x0f36efCb819364A5B41C27dE0C5e00a42c768512,819
0x0f36efCb819364A5B41C27dE0C5e00a42c768512,820
0x0f36efCb819364A5B41C27dE0C5e00a42c768512,821
0x0f36efCb819364A5B41C27dE0C5e00a42c768512,822
0x0f36efCb819364A5B41C27dE0C5e00a42c768512,823
0x4362a29E330427D951f1aa58D7E3E86aC9e4b4e1,824
0x4362a29E330427D951f1aa58D7E3E86aC9e4b4e1,825
0x88A3365508B83A95E4f360b343f4600D1150404D,826
0x31d0e99CAd9F8C9088C2C749342C13b8CecC8829,827
0x31d0e99CAd9F8C9088C2C749342C13b8CecC8829,828
0x31d0e99CAd9F8C9088C2C749342C13b8CecC8829,829
0x31d0e99CAd9F8C9088C2C749342C13b8CecC8829,830
0x31d0e99CAd9F8C9088C2C749342C13b8CecC8829,831
0x31d0e99CAd9F8C9088C2C749342C13b8CecC8829,832
0x31d0e99CAd9F8C9088C2C749342C13b8CecC8829,833
0x31d0e99CAd9F8C9088C2C749342C13b8CecC8829,834
0x71571c42067900bfB7ca8b51FCcc07EF77074AEa,835
0xD292EC4d3125383d72cF5833c0c7C6977acD691E,836
0xD292EC4d3125383d72cF5833c0c7C6977acD691E,837
0xD292EC4d3125383d72cF5833c0c7C6977acD691E,838
0xD292EC4d3125383d72cF5833c0c7C6977acD691E,839
0xD292EC4d3125383d72cF5833c0c7C6977acD691E,840
0xD292EC4d3125383d72cF5833c0c7C6977acD691E,841
0xD292EC4d3125383d72cF5833c0c7C6977acD691E,842
0xD292EC4d3125383d72cF5833c0c7C6977acD691E,843
0xc1D9c776Ef4BA56026bB47F16e36C6A4bdAB7d9E,844
0xc1D9c776Ef4BA56026bB47F16e36C6A4bdAB7d9E,845
0xc1D9c776Ef4BA56026bB47F16e36C6A4bdAB7d9E,846
0xc1D9c776Ef4BA56026bB47F16e36C6A4bdAB7d9E,847
0xc1D9c776Ef4BA56026bB47F16e36C6A4bdAB7d9E,848
0xc1D9c776Ef4BA56026bB47F16e36C6A4bdAB7d9E,849
0xc1D9c776Ef4BA56026bB47F16e36C6A4bdAB7d9E,850
0xc1D9c776Ef4BA56026bB47F16e36C6A4bdAB7d9E,851
0x3bC6993D741D5Bd84712e358FDEc21a9Da393a69,852
0x4f9785dB89b5A8AD924729e404c83e1783a8B518,853
0x1b01B2715B2aF27BBb375D0EC1A4fBb78b30FBE6,854
0xe1BC8A4d3Fa757bc6AE042ba2D889Eb6e13921CD,855
0x3CF5A54cA70e2be24B481e142B4fC265656adEed,856
0x9ac178571187A40BEF7c5Cb61dFC3D26c7e3F571,857
0xa8f7942E4BE9C32Ae7ea3c830E517e53EdCFbb61,858
0x471E675bfd8cC2dfCF3D3A671Edc67aa4f2Cd4CA,859
0xa498b00A4A61C684Ee895203Bb93eBBF5C6da000,860
0x955aF4de9Ca03f84c9462457D075aCABf1A8AfC8,861
0x955aF4de9Ca03f84c9462457D075aCABf1A8AfC8,862
0xFf672B72F6A14ed06d49cD728c30FdbCAa077240,863
0xFf672B72F6A14ed06d49cD728c30FdbCAa077240,864
0xFf672B72F6A14ed06d49cD728c30FdbCAa077240,865
0xFf672B72F6A14ed06d49cD728c30FdbCAa077240,866
0xFf672B72F6A14ed06d49cD728c30FdbCAa077240,867
0xFf672B72F6A14ed06d49cD728c30FdbCAa077240,868
0xFf672B72F6A14ed06d49cD728c30FdbCAa077240,869
0xFf672B72F6A14ed06d49cD728c30FdbCAa077240,870
0x13d75E3efA4788b9786a66CcDd54bBDbfc6FB690,871
0x13d75E3efA4788b9786a66CcDd54bBDbfc6FB690,872
0x13d75E3efA4788b9786a66CcDd54bBDbfc6FB690,873
0x13d75E3efA4788b9786a66CcDd54bBDbfc6FB690,874
0x13d75E3efA4788b9786a66CcDd54bBDbfc6FB690,875
0x13d75E3efA4788b9786a66CcDd54bBDbfc6FB690,876
0x13d75E3efA4788b9786a66CcDd54bBDbfc6FB690,877
0x13d75E3efA4788b9786a66CcDd54bBDbfc6FB690,878
0xd4B55182f943c84FB3156b2e8B4711EC7c796DB1,879
0xA87e7535e6Aa294C69B4DdB85AD5D0d743ab0aFD,880
0x571d05Feb04da207F8efbC0EC4AB756689812Be8,881
0xE23EBd49a2ed45C4775B14D416F0Be6049890d37,882
0xE23EBd49a2ed45C4775B14D416F0Be6049890d37,883
0xE23EBd49a2ed45C4775B14D416F0Be6049890d37,884
0xE23EBd49a2ed45C4775B14D416F0Be6049890d37,885
0xE23EBd49a2ed45C4775B14D416F0Be6049890d37,886
0xE23EBd49a2ed45C4775B14D416F0Be6049890d37,887
0xE23EBd49a2ed45C4775B14D416F0Be6049890d37,888
0xE23EBd49a2ed45C4775B14D416F0Be6049890d37,889
0x683cb167bBBaAc13EFc8F84217B03564feE5a291,890
0xF32CC2d233bd5879eAb2A6Bf3Ea95470FDAc419c,891
0xF32CC2d233bd5879eAb2A6Bf3Ea95470FDAc419c,892
0x228fefc57eecB4E94aeB1cdF9e9507ccf5Cdf67f,893
0xE408D65d495c567aB246E7c90F11d15d96c1738D,894
0xaf1C56ABb73ce0C13cCeE81b59479A5D0177eaB9,895
0xaf1C56ABb73ce0C13cCeE81b59479A5D0177eaB9,896
0xd565ee48560bE31bDa54e4E738E398216d43a664,897
0x74c96A0Bf84Cfa9f9B7D16A3F128c85755C02344,898
0xA4a2B766c4BCb4949EBdb584542bfc039C7F8F58,899
0x491B0876963Ea4c74A0Bcb92F18f5736d1BCE5A6,900
0x41fD941BB20990B5BEc8CB424f19397254707981,901
0x537A2C6be30b97Dc832E15e7b6B483447aCdE78C,902
0xd76bB40d855dece19de5D84a6a42a07F2B82fe72,903
0xd76bB40d855dece19de5D84a6a42a07F2B82fe72,904
0xd76bB40d855dece19de5D84a6a42a07F2B82fe72,905
0xd76bB40d855dece19de5D84a6a42a07F2B82fe72,906
0xd76bB40d855dece19de5D84a6a42a07F2B82fe72,907
0xd76bB40d855dece19de5D84a6a42a07F2B82fe72,908
0xd76bB40d855dece19de5D84a6a42a07F2B82fe72,909
0xd76bB40d855dece19de5D84a6a42a07F2B82fe72,910
0x87529b411BDB01577b81e6f67683Daf59c85D751,911
0x560A9288Ed8192Db3368682551b3bCB67A402DAe,912
0x453F70f9d222845EDD5D0BE4Ce088ED7dFD529E2,913
0x560A9288Ed8192Db3368682551b3bCB67A402DAe,914
0xB08e1C6E547E7b764186Da0B906740401eB8BC6D,915
0xB08e1C6E547E7b764186Da0B906740401eB8BC6D,916
0xB08e1C6E547E7b764186Da0B906740401eB8BC6D,917
0xB08e1C6E547E7b764186Da0B906740401eB8BC6D,918
0xB08e1C6E547E7b764186Da0B906740401eB8BC6D,919
0xB08e1C6E547E7b764186Da0B906740401eB8BC6D,920
0xB08e1C6E547E7b764186Da0B906740401eB8BC6D,921
0xB08e1C6E547E7b764186Da0B906740401eB8BC6D,922
0x6123991F5469f8D1C6B70fEB9cED25296c048D8e,923
0xB08e1C6E547E7b764186Da0B906740401eB8BC6D,924
0x0e0a4aa4d1051F76b985633812c475BD4c8c6E23,925
0xeFdE9508B39852f141Ca43fF906f18923FF61A9f,926
0x0C63dD4116084F4CEab5559C745e74720257CCd4,927
0x0C63dD4116084F4CEab5559C745e74720257CCd4,928
0x0C63dD4116084F4CEab5559C745e74720257CCd4,929
0x0C63dD4116084F4CEab5559C745e74720257CCd4,930
0x0C63dD4116084F4CEab5559C745e74720257CCd4,931
0x0C63dD4116084F4CEab5559C745e74720257CCd4,932
0x0C63dD4116084F4CEab5559C745e74720257CCd4,933
0x0C63dD4116084F4CEab5559C745e74720257CCd4,934
0x739dC8f3045F6ad394C62ED3Ef043E8cE1ae2E1b,935
0xeC4Fa56f6a7d9a0EfB70aB8Da944621FE44E0064,936
0x7C21Cef44c73e056D1C33c3EC0E62C5B06BD7d72,937
0x0CD096562E461Caf4F284affdF2545c6EBCF41AE,938
0x07acd0ff6031800f3624f994535DEA410eF97174,939
0x0737b168C3F89cecd56c69091C297121479c573c,940
0x0737b168C3F89cecd56c69091C297121479c573c,941
0x089A94845EadEF0697969D67222646BbC1606305,942
0x6198e868B887Dd2dB6daEe42eE49154A8ac5B754,943
0x6198e868B887Dd2dB6daEe42eE49154A8ac5B754,944
0x6198e868B887Dd2dB6daEe42eE49154A8ac5B754,945
0x6198e868B887Dd2dB6daEe42eE49154A8ac5B754,946
0x6198e868B887Dd2dB6daEe42eE49154A8ac5B754,947
0x6198e868B887Dd2dB6daEe42eE49154A8ac5B754,948
0x6198e868B887Dd2dB6daEe42eE49154A8ac5B754,949
0x6198e868B887Dd2dB6daEe42eE49154A8ac5B754,950
0x089A94845EadEF0697969D67222646BbC1606305,951
0x633Ca0669c7273F2C65Da0dDdA62f4279627aE86,952
0x633Ca0669c7273F2C65Da0dDdA62f4279627aE86,953
0x633Ca0669c7273F2C65Da0dDdA62f4279627aE86,954
0x633Ca0669c7273F2C65Da0dDdA62f4279627aE86,955
0x633Ca0669c7273F2C65Da0dDdA62f4279627aE86,956
0x633Ca0669c7273F2C65Da0dDdA62f4279627aE86,957
0x633Ca0669c7273F2C65Da0dDdA62f4279627aE86,958
0x633Ca0669c7273F2C65Da0dDdA62f4279627aE86,959
0x089A94845EadEF0697969D67222646BbC1606305,960
0x089A94845EadEF0697969D67222646BbC1606305,961
0x496afD558a22DacD26Bc19C14Ef33d2Fef372008,962
0x5A6aC5D798B0B4963290E80E1CDc132b28576b00,963
0x089A94845EadEF0697969D67222646BbC1606305,964
0xD3206ac8725D403eAEC5D8767f5f1bBA791e6D44,965
0x089A94845EadEF0697969D67222646BbC1606305,966
0xD49d5DEf53C39e981BBE947A1921834Ecc2Ab1E8,967
0xD49d5DEf53C39e981BBE947A1921834Ecc2Ab1E8,968
0xD49d5DEf53C39e981BBE947A1921834Ecc2Ab1E8,969
0xD49d5DEf53C39e981BBE947A1921834Ecc2Ab1E8,970
0xD49d5DEf53C39e981BBE947A1921834Ecc2Ab1E8,971
0xD49d5DEf53C39e981BBE947A1921834Ecc2Ab1E8,972
0xD49d5DEf53C39e981BBE947A1921834Ecc2Ab1E8,973
0xD49d5DEf53C39e981BBE947A1921834Ecc2Ab1E8,974
0x2e1183b6c81068eB13B26Bf281908E4e5755F9bB,975
0xA58Fd592a4A73cf961af9BE8fa09A59D4eE01eA2,976
0x7F2C67895Eeb9EB99f4d3F4ca7907E61fed738cc,977
0xe9B3413ab3e288c06f3bb9617EE9c8CB60b85Fb8,978
0xC65fEeDDcCDdA21a6b35d3590F16E89857E792c3,979
0x49D522712D2786b56680Cc69f5B5b4d4f541b0A4,980
0xb9803E6898f7F75E804cD5506B72074a7Fb43138,981
0x7E21C9CAfbBA619B2AD190f644F59797adaEed76,982
0x28703C5eB87d7e10dE57a80A58bc6108187B0060,983
0x28703C5eB87d7e10dE57a80A58bc6108187B0060,984
0x28703C5eB87d7e10dE57a80A58bc6108187B0060,985
0x28703C5eB87d7e10dE57a80A58bc6108187B0060,986
0x28703C5eB87d7e10dE57a80A58bc6108187B0060,987
0x28703C5eB87d7e10dE57a80A58bc6108187B0060,988
0x28703C5eB87d7e10dE57a80A58bc6108187B0060,989
0x28703C5eB87d7e10dE57a80A58bc6108187B0060,990
0x91069286728A16fB0c2fE0e29EA56e253e69Eb01,991
0x567FbBc7694B6429f9B0C2691257d5CdEe148483,992
0xa2FF3E1070bBede9E631B98a79F4996bAbE3C395,993
0xa2FF3E1070bBede9E631B98a79F4996bAbE3C395,994
0xa2FF3E1070bBede9E631B98a79F4996bAbE3C395,995
0xa2FF3E1070bBede9E631B98a79F4996bAbE3C395,996
0xa2FF3E1070bBede9E631B98a79F4996bAbE3C395,997
0xa2FF3E1070bBede9E631B98a79F4996bAbE3C395,998
0xa2FF3E1070bBede9E631B98a79F4996bAbE3C395,999
0xa2FF3E1070bBede9E631B98a79F4996bAbE3C395,1000
0xd4806886f7AAfbCcA31aB31F460a0f6460957594,1001
0xd4806886f7AAfbCcA31aB31F460a0f6460957594,1002
0xd4806886f7AAfbCcA31aB31F460a0f6460957594,1003
0xd4806886f7AAfbCcA31aB31F460a0f6460957594,1004
0xd4806886f7AAfbCcA31aB31F460a0f6460957594,1005
0xd4806886f7AAfbCcA31aB31F460a0f6460957594,1006
0xd4806886f7AAfbCcA31aB31F460a0f6460957594,1007
0xd4806886f7AAfbCcA31aB31F460a0f6460957594,1008
0x77366c28F88e4fADa3c28B213410E0021bc93378,1009
0xba8765802198e5c19F2BA8fe9b0dA2B225927AAf,1010
0xcB15D1bE0C5eaA4D25b979A598Ba8E1398753fB9,1011
0x5d63e98EF88ba842eE5BFB434778fB375892d78F,1012
0x64F0592A6d00D903f60eb0acfAd5567bFD643f1B,1013
0x3775d2A080fbd7eBfB3fAe6f3211e947a0fCbC05,1014
0x3775d2A080fbd7eBfB3fAe6f3211e947a0fCbC05,1015
0x3775d2A080fbd7eBfB3fAe6f3211e947a0fCbC05,1016
0x3775d2A080fbd7eBfB3fAe6f3211e947a0fCbC05,1017
0x3775d2A080fbd7eBfB3fAe6f3211e947a0fCbC05,1018
0x3775d2A080fbd7eBfB3fAe6f3211e947a0fCbC05,1019
0x3775d2A080fbd7eBfB3fAe6f3211e947a0fCbC05,1020
0x3775d2A080fbd7eBfB3fAe6f3211e947a0fCbC05,1021
0xf1a8Bfe248f24d102474bE650A871137145C4f24,1022
0x0b818Dc9d41732617DFC5BC8DfF03daC632780E1,1023
0xc2C74D156DC2f614416D70541A59100e3fbFC4fF,1024
0xd90485a3c4e7c6d4b473d102C0633Eb9038c7ca9,1025
0x371BB5c8E7Ae7c33Ae22776efEA896838FCFC9E2,1026
0x1A659BA6e485a6ff6680782a24C50f9daDd6ef73,1027
0xbB63203FA253B667F1d8D591954F5a14ba5613E2,1028
0xec9122bbf7a603c1B4BC3397d5806c6a057f860d,1029
0xec9122bbf7a603c1B4BC3397d5806c6a057f860d,1030
0xec9122bbf7a603c1B4BC3397d5806c6a057f860d,1031
0xec9122bbf7a603c1B4BC3397d5806c6a057f860d,1032
0xec9122bbf7a603c1B4BC3397d5806c6a057f860d,1033
0xec9122bbf7a603c1B4BC3397d5806c6a057f860d,1034
0xec9122bbf7a603c1B4BC3397d5806c6a057f860d,1035
0xec9122bbf7a603c1B4BC3397d5806c6a057f860d,1036
0xcDE45689c097B6034518557daF5384962DFCbf2E,1037
0xcDE45689c097B6034518557daF5384962DFCbf2E,1038
0xcDE45689c097B6034518557daF5384962DFCbf2E,1039
0xcDE45689c097B6034518557daF5384962DFCbf2E,1040
0xcDE45689c097B6034518557daF5384962DFCbf2E,1041
0xcDE45689c097B6034518557daF5384962DFCbf2E,1042
0xcDE45689c097B6034518557daF5384962DFCbf2E,1043
0xcDE45689c097B6034518557daF5384962DFCbf2E,1044
0xbB63203FA253B667F1d8D591954F5a14ba5613E2,1045
0x19024DfC106E6111f80225A491b045Aa6D8B9941,1046
0xA8644D3d37e5B9bA50038F652eebeE3b7108d554,1047
0xff12faF1b14b3Bd54268f9D23D243F36b2CC8a94,1048
0xff12faF1b14b3Bd54268f9D23D243F36b2CC8a94,1049
0xff12faF1b14b3Bd54268f9D23D243F36b2CC8a94,1050
0xff12faF1b14b3Bd54268f9D23D243F36b2CC8a94,1051
0xff12faF1b14b3Bd54268f9D23D243F36b2CC8a94,1052
0xff12faF1b14b3Bd54268f9D23D243F36b2CC8a94,1053
0xff12faF1b14b3Bd54268f9D23D243F36b2CC8a94,1054
0xff12faF1b14b3Bd54268f9D23D243F36b2CC8a94,1055
0xcaaBA3af17A31DE56e272B021F74A16938181d01,1056
0xdcA8815Ab3702C94f4918C5f709A349AFbb435AB,1057
0xcaaBA3af17A31DE56e272B021F74A16938181d01,1058
0x847A643AD8d71569329E8B133a68291696D9ac4B,1059
0x847A643AD8d71569329E8B133a68291696D9ac4B,1060
0x847A643AD8d71569329E8B133a68291696D9ac4B,1061
0x847A643AD8d71569329E8B133a68291696D9ac4B,1062
0x847A643AD8d71569329E8B133a68291696D9ac4B,1063
0x847A643AD8d71569329E8B133a68291696D9ac4B,1064
0x847A643AD8d71569329E8B133a68291696D9ac4B,1065
0x847A643AD8d71569329E8B133a68291696D9ac4B,1066
0xBFe4A605dd331D56D1A582750D94B22E01C2abE2,1067
0x32e44eC6f92895de2D72ccEA4b9A820d5280edEe,1068
0x54B4E4A37808B8d71A07F494eC20CfaB80e2827d,1069
0xed38c8326B6a20b200e580237Ea7444bF163a320,1070
0x1Bf2f04a033FF7a6753E99CaC4F84E67dC43636e,1071
0x8defe46295d8b1D5421eE94d61b83b1FA80da534,1072
0x1FF1E4aF2a215ccb51616F323a4a9f95299a6981,1073
0xfEC62b5ECdbe31d6309A4410A9ba85BD81A494Ec,1074
0x1b9243991E1321d53F3d5eF417bAD563a592b58e,1075
0xb76735d1626DC524038d23f5F9DC2345F4EeF7aF,1076
0xD457D9cF2892999C65Cd69301E2c75096d6b7903,1077
0x3763A6f85CCd1e3b3B1789B4b3F354e57e99BF6c,1078
0x506e211e2597e7697309A532cB6227a0b559032B,1079
0xEEb996502e41E4Cf9f6FA3ccc4DeAfc6d739FE3a,1080
0xEEb996502e41E4Cf9f6FA3ccc4DeAfc6d739FE3a,1081
0xB08e1C6E547E7b764186Da0B906740401eB8BC6D,1082
0xB08e1C6E547E7b764186Da0B906740401eB8BC6D,1083
0xB08e1C6E547E7b764186Da0B906740401eB8BC6D,1084
0xB08e1C6E547E7b764186Da0B906740401eB8BC6D,1085
0xB08e1C6E547E7b764186Da0B906740401eB8BC6D,1086
0xB08e1C6E547E7b764186Da0B906740401eB8BC6D,1087
0xB08e1C6E547E7b764186Da0B906740401eB8BC6D,1088
0xB08e1C6E547E7b764186Da0B906740401eB8BC6D,1089
0xeFdE9508B39852f141Ca43fF906f18923FF61A9f,1090
0x54e917896C2a7Bd38243De99C75Aecd702Bc1106,1091
0x54e917896C2a7Bd38243De99C75Aecd702Bc1106,1092
0x54e917896C2a7Bd38243De99C75Aecd702Bc1106,1093
0x54e917896C2a7Bd38243De99C75Aecd702Bc1106,1094
0x54e917896C2a7Bd38243De99C75Aecd702Bc1106,1095
0x54e917896C2a7Bd38243De99C75Aecd702Bc1106,1096
0x54e917896C2a7Bd38243De99C75Aecd702Bc1106,1097
0x54e917896C2a7Bd38243De99C75Aecd702Bc1106,1098
0x54e917896C2a7Bd38243De99C75Aecd702Bc1106,1099
0x6fDCC05E76bE9caCe5e8c84677Db917395b9A2cB,1100
0x5496C8a338419AfF9A68A86D9a3585c62B9C9E1c,1101
0xecb8Fc34f2434548a402FDAD7cB93cBb0Cc9ecbC,1102
0x3F9DEc537771bfF9e448B17d067aE8BBce8095F4,1103
0x787075E3b69d7Af519fE3ABEaa8F83AdC4Ba7C38,1104
0x7ed622524545dDC021b580ac4fdf7525DEb77c9c,1105
0x2200aa201d20FE4666dA67A832207d0C9F9c35d4,1106
0xbB63203FA253B667F1d8D591954F5a14ba5613E2,1107
0x457F48a0bBa2D1aB06AD6f9b5F6d8Ee9c457BbA1,1108
0x958b13F2b5a597ae6B1da2071cB3EF91ec187556,1109
0x9645AE222557FE2006D4F8489E94498935aed45d,1110
0xD3206ac8725D403eAEC5D8767f5f1bBA791e6D44,1111
0x038B65f21A4027cCf53E496362396B97ebc15a25,1112
0x26Dd2c6F50707D015cAF865E4344Bb779753aA86,1113
0xB68da7fbF71383Afab240839287878539cFFf20b,1114
0x9a990b564232a4cAaD6f06E860613afB4f7a6e3C,1115
0x9a990b564232a4cAaD6f06E860613afB4f7a6e3C,1116
0x9a990b564232a4cAaD6f06E860613afB4f7a6e3C,1117
0x9a990b564232a4cAaD6f06E860613afB4f7a6e3C,1118
0x9a990b564232a4cAaD6f06E860613afB4f7a6e3C,1119
0x9a990b564232a4cAaD6f06E860613afB4f7a6e3C,1120
0x9a990b564232a4cAaD6f06E860613afB4f7a6e3C,1121
0x9a990b564232a4cAaD6f06E860613afB4f7a6e3C,1122
0x9a990b564232a4cAaD6f06E860613afB4f7a6e3C,1123
0x9eddbf9a23F831AdB4628C6913635951D1b17072,1124
0x196D2a24323eDa8eD674cEB2CC10a4ec00c783fd,1125
0x196D2a24323eDa8eD674cEB2CC10a4ec00c783fd,1126
0x196D2a24323eDa8eD674cEB2CC10a4ec00c783fd,1127
0x196D2a24323eDa8eD674cEB2CC10a4ec00c783fd,1128
0x196D2a24323eDa8eD674cEB2CC10a4ec00c783fd,1129
0x196D2a24323eDa8eD674cEB2CC10a4ec00c783fd,1130
0x196D2a24323eDa8eD674cEB2CC10a4ec00c783fd,1131
0x196D2a24323eDa8eD674cEB2CC10a4ec00c783fd,1132
0xf1DFC8E85B36b99D7b0f517a17f811C08ce75394,1133
0xf1DFC8E85B36b99D7b0f517a17f811C08ce75394,1134
0xf1DFC8E85B36b99D7b0f517a17f811C08ce75394,1135
0xf1DFC8E85B36b99D7b0f517a17f811C08ce75394,1136
0xf1DFC8E85B36b99D7b0f517a17f811C08ce75394,1137
0xf1DFC8E85B36b99D7b0f517a17f811C08ce75394,1138
0xf1DFC8E85B36b99D7b0f517a17f811C08ce75394,1139
0xf1DFC8E85B36b99D7b0f517a17f811C08ce75394,1140
0xC85c9c0D796f7332d997f88aFc185b14D8bcC5d2,1141
0x5c28c2A0B9f40ae709Ac91B84e053E8B1a72b59e,1142
0xF78A221A82632b6068d9AFdBE728422477634adb,1143
0xf11A3F67D1B08E57A97aD5Df4fe7532EEc0dC589,1144
0xf11A3F67D1B08E57A97aD5Df4fe7532EEc0dC589,1145
0xf11A3F67D1B08E57A97aD5Df4fe7532EEc0dC589,1146
0xf11A3F67D1B08E57A97aD5Df4fe7532EEc0dC589,1147
0xf11A3F67D1B08E57A97aD5Df4fe7532EEc0dC589,1148
0xf11A3F67D1B08E57A97aD5Df4fe7532EEc0dC589,1149
0xf11A3F67D1B08E57A97aD5Df4fe7532EEc0dC589,1150
0xf11A3F67D1B08E57A97aD5Df4fe7532EEc0dC589,1151
0xe54eb1f427728982db7dA69d72D348aFc8Edbef2,1152
0xDf73dBE9020FD06e52644f4bBc8eD449Db29aBd2,1153
0x6ae1ad3b3Cc8a1F873598977fa26b2c881D7b6F8,1154
0x98981A67873C2Aeb7CF2f7E81d39c20141e3e58f,1155
0x4af47588C31618bAb444C9a8F285c676595BE649,1156
0xcff6c7eEC2d3Feb3988f8713cbcAc4beDc77F426,1157
0x9ed52114a963f2f97B3f0CAa72BFF0963F806108,1158
0x9ed52114a963f2f97B3f0CAa72BFF0963F806108,1159
0x9ed52114a963f2f97B3f0CAa72BFF0963F806108,1160
0x9ed52114a963f2f97B3f0CAa72BFF0963F806108,1161
0x9ed52114a963f2f97B3f0CAa72BFF0963F806108,1162
0x9ed52114a963f2f97B3f0CAa72BFF0963F806108,1163
0x9ed52114a963f2f97B3f0CAa72BFF0963F806108,1164
0x9ed52114a963f2f97B3f0CAa72BFF0963F806108,1165
0xb82E730693EEbbfB800Cb1B9CB6d8b1808032398,1166
0xF88C303D383AC9053841531fB64720cF92a8d8D6,1167
0x5223f3363017fEAdf7e146c31b9148692fD25c2e,1168
0x85e7Fa0f1dFc325b3E496F25f2f0Dc17998829F0,1169
0x85e7Fa0f1dFc325b3E496F25f2f0Dc17998829F0,1170
0x85e7Fa0f1dFc325b3E496F25f2f0Dc17998829F0,1171
0x85e7Fa0f1dFc325b3E496F25f2f0Dc17998829F0,1172
0x85e7Fa0f1dFc325b3E496F25f2f0Dc17998829F0,1173
0x85e7Fa0f1dFc325b3E496F25f2f0Dc17998829F0,1174
0x85e7Fa0f1dFc325b3E496F25f2f0Dc17998829F0,1175
0x85e7Fa0f1dFc325b3E496F25f2f0Dc17998829F0,1176
0xEC8AFF769B4995a5dB62C26212Ca612f0914Af2f,1177
0xdbeA9bD1A70Ac62102291fb3446424064948EDfA,1178
0xdbeA9bD1A70Ac62102291fb3446424064948EDfA,1179
0xdbeA9bD1A70Ac62102291fb3446424064948EDfA,1180
0xdbeA9bD1A70Ac62102291fb3446424064948EDfA,1181
0xdbeA9bD1A70Ac62102291fb3446424064948EDfA,1182
0xdbeA9bD1A70Ac62102291fb3446424064948EDfA,1183
0xdbeA9bD1A70Ac62102291fb3446424064948EDfA,1184
0xdbeA9bD1A70Ac62102291fb3446424064948EDfA,1185
0xdbeA9bD1A70Ac62102291fb3446424064948EDfA,1186
0x471E675bfd8cC2dfCF3D3A671Edc67aa4f2Cd4CA,1187
0x5bB7ecBFB2F1c28a60F55b7691E1A1Fe786E6907,1188
0xF89Be7F8e9b3e5bdE7C17781C6b0263e1b76ccDF,1189
0x6053d2b751f8EBcc2Be29fc93F7d42206C97add0,1190
0xf97b954d39D8D9a2Ee1B449802E8f19CB7230227,1191
0x668E961736454a2444ADB485340cB7F0844DDd3d,1192
0xD292EC4d3125383d72cF5833c0c7C6977acD691E,1193
0x5c79112ABC71F2f83caC037e6dFf9F89b5078A8C,1194
0x5c79112ABC71F2f83caC037e6dFf9F89b5078A8C,1195
0x5c79112ABC71F2f83caC037e6dFf9F89b5078A8C,1196
0x5c79112ABC71F2f83caC037e6dFf9F89b5078A8C,1197
0x5c79112ABC71F2f83caC037e6dFf9F89b5078A8C,1198
0x5c79112ABC71F2f83caC037e6dFf9F89b5078A8C,1199
0x5c79112ABC71F2f83caC037e6dFf9F89b5078A8C,1200
0x5c79112ABC71F2f83caC037e6dFf9F89b5078A8C,1201
0xDf73dBE9020FD06e52644f4bBc8eD449Db29aBd2,1202
0xb1dA855d5f636a2c8Dd923cEf543aE89C3C154D5,1203
0x8E0F45EBDb09F0CCBd1961605265d5C12B363030,1204
0x8E0F45EBDb09F0CCBd1961605265d5C12B363030,1205
0x8E0F45EBDb09F0CCBd1961605265d5C12B363030,1206
0x8E0F45EBDb09F0CCBd1961605265d5C12B363030,1207
0x8E0F45EBDb09F0CCBd1961605265d5C12B363030,1208
0x8E0F45EBDb09F0CCBd1961605265d5C12B363030,1209
0x8E0F45EBDb09F0CCBd1961605265d5C12B363030,1210
0x8E0F45EBDb09F0CCBd1961605265d5C12B363030,1211
0x1c6Da3AF338facB46c782051259ceAF8D739016d,1212
0x038B65f21A4027cCf53E496362396B97ebc15a25,1213
0xD1898358cCD227035c3df49443D1C52e50B326FF,1214
0x487f6951157cDf769BC07c48219ee7c1b3B611C1,1215
0xf83719280BA7f4b1e390bb1524ad42b427c80F4E,1216
0xf83719280BA7f4b1e390bb1524ad42b427c80F4E,1217
0xf83719280BA7f4b1e390bb1524ad42b427c80F4E,1218
0xf83719280BA7f4b1e390bb1524ad42b427c80F4E,1219
0xf83719280BA7f4b1e390bb1524ad42b427c80F4E,1220
0xf83719280BA7f4b1e390bb1524ad42b427c80F4E,1221
0xf83719280BA7f4b1e390bb1524ad42b427c80F4E,1222
0xf83719280BA7f4b1e390bb1524ad42b427c80F4E,1223
0xFe7139aD41Ff17BBf650E4f3aB4a901ca7b6f461,1224
0xFe7139aD41Ff17BBf650E4f3aB4a901ca7b6f461,1225
0xFe7139aD41Ff17BBf650E4f3aB4a901ca7b6f461,1226
0xFe7139aD41Ff17BBf650E4f3aB4a901ca7b6f461,1227
0xFe7139aD41Ff17BBf650E4f3aB4a901ca7b6f461,1228
0xFe7139aD41Ff17BBf650E4f3aB4a901ca7b6f461,1229
0xFe7139aD41Ff17BBf650E4f3aB4a901ca7b6f461,1230
0xFe7139aD41Ff17BBf650E4f3aB4a901ca7b6f461,1231
0x6c7184274Bdd853023eb8E6A89242dCAEFdCb922,1232
0x904e6B5A024D99d36d24cf35Ec2e3EB423bd775E,1233
0x1663dc36f66a38f3D3a61F66Fa2618AC72054669,1234
0x660255Af9Aa0300BB168DCe9Db30A7Baaa88C751,1235
0xd8068f813c45C88CEBb02cBC0F91F95626Ec9a34,1236
0x7457667ee63BCa3c134f246af687091e7E259Bc2,1237
0xFe7139aD41Ff17BBf650E4f3aB4a901ca7b6f461,1238
0xBAedB65dc731720441aD113aD316B4c1DD402407,1239
0xBAedB65dc731720441aD113aD316B4c1DD402407,1240
0xBAedB65dc731720441aD113aD316B4c1DD402407,1241
0xBAedB65dc731720441aD113aD316B4c1DD402407,1242
0xBAedB65dc731720441aD113aD316B4c1DD402407,1243
0xBAedB65dc731720441aD113aD316B4c1DD402407,1244
0xBAedB65dc731720441aD113aD316B4c1DD402407,1245
0xBAedB65dc731720441aD113aD316B4c1DD402407,1246
0x38Bb6509c5086330Ceb506B672fd0E4B6EE20CaB,1247
0x38Bb6509c5086330Ceb506B672fd0E4B6EE20CaB,1248
0x38Bb6509c5086330Ceb506B672fd0E4B6EE20CaB,1249
0x38Bb6509c5086330Ceb506B672fd0E4B6EE20CaB,1250
0x38Bb6509c5086330Ceb506B672fd0E4B6EE20CaB,1251
0x38Bb6509c5086330Ceb506B672fd0E4B6EE20CaB,1252
0x38Bb6509c5086330Ceb506B672fd0E4B6EE20CaB,1253
0x38Bb6509c5086330Ceb506B672fd0E4B6EE20CaB,1254
0x7E661ac52e2578d56EEEC231016c7B4DC0A73B75,1255
0x7E661ac52e2578d56EEEC231016c7B4DC0A73B75,1256
0x7E661ac52e2578d56EEEC231016c7B4DC0A73B75,1257
0x7E661ac52e2578d56EEEC231016c7B4DC0A73B75,1258
0x7E661ac52e2578d56EEEC231016c7B4DC0A73B75,1259
0x7E661ac52e2578d56EEEC231016c7B4DC0A73B75,1260
0x7E661ac52e2578d56EEEC231016c7B4DC0A73B75,1261
0x7E661ac52e2578d56EEEC231016c7B4DC0A73B75,1262
0xEB0B702F0158623a7e8772D628E3388Eb957326a,1263
0xEB0B702F0158623a7e8772D628E3388Eb957326a,1264
0xEB0B702F0158623a7e8772D628E3388Eb957326a,1265
0xEB0B702F0158623a7e8772D628E3388Eb957326a,1266
0xEB0B702F0158623a7e8772D628E3388Eb957326a,1267
0xEB0B702F0158623a7e8772D628E3388Eb957326a,1268
0xEB0B702F0158623a7e8772D628E3388Eb957326a,1269
0xEB0B702F0158623a7e8772D628E3388Eb957326a,1270
0x6692Ba6c9AeAB6a450A5ed98b437771612f4c08e,1271
0x90551e9E1Cb0c28AA6A9E99878B52d701Cf51553,1272
0x90551e9E1Cb0c28AA6A9E99878B52d701Cf51553,1273
0x90551e9E1Cb0c28AA6A9E99878B52d701Cf51553,1274
0x90551e9E1Cb0c28AA6A9E99878B52d701Cf51553,1275
0x90551e9E1Cb0c28AA6A9E99878B52d701Cf51553,1276
0x90551e9E1Cb0c28AA6A9E99878B52d701Cf51553,1277
0x90551e9E1Cb0c28AA6A9E99878B52d701Cf51553,1278
0x90551e9E1Cb0c28AA6A9E99878B52d701Cf51553,1279
0x75dA7f5F970a109E514378DE898A87A18fcD2497,1280
0x75dA7f5F970a109E514378DE898A87A18fcD2497,1281
0x72D1BEFB45C38e2c137FA30c5e222CCD3629c110,1282
0xd35feE0047e11A317cbbcb3eC61B16de5a711deC,1283
0xd35feE0047e11A317cbbcb3eC61B16de5a711deC,1284
0xd35feE0047e11A317cbbcb3eC61B16de5a711deC,1285
0xd35feE0047e11A317cbbcb3eC61B16de5a711deC,1286
0xd35feE0047e11A317cbbcb3eC61B16de5a711deC,1287
0xd35feE0047e11A317cbbcb3eC61B16de5a711deC,1288
0xd35feE0047e11A317cbbcb3eC61B16de5a711deC,1289
0xd35feE0047e11A317cbbcb3eC61B16de5a711deC,1290
0x5a61dd9A663a868144660F5fB7Dc8dB68F0500Fb,1291
0x82808e7F8383aabea5592D547b33D27d84d765Ff,1292
0xed112361d30cD55F3ce669099f214ff88a1dD2f1,1293
0xC000799bf533854Fe256098DBF93C549cCb1Ed89,1294
0x8B3F03449c5986c00aA6332470857B106531CEF9,1295
0x0829CA409fc92Ac16A9749033cCcFD094bDA2bBf,1296
0x0829CA409fc92Ac16A9749033cCcFD094bDA2bBf,1297
0x0829CA409fc92Ac16A9749033cCcFD094bDA2bBf,1298
0x0829CA409fc92Ac16A9749033cCcFD094bDA2bBf,1299
0x0829CA409fc92Ac16A9749033cCcFD094bDA2bBf,1300
0x0829CA409fc92Ac16A9749033cCcFD094bDA2bBf,1301
0x0829CA409fc92Ac16A9749033cCcFD094bDA2bBf,1302
0x0829CA409fc92Ac16A9749033cCcFD094bDA2bBf,1303
0x2DC4DbE3fF63cb49C577375fA5af3C55c4FC3a2A,1304
0xeFADB6ee63d357572D155f8E650694b4Fa532721,1305
0x6dDCba312211728E939fD4cC0262a05858C7FDF2,1306
0x6dDCba312211728E939fD4cC0262a05858C7FDF2,1307
0x6dDCba312211728E939fD4cC0262a05858C7FDF2,1308
0x6dDCba312211728E939fD4cC0262a05858C7FDF2,1309
0x6dDCba312211728E939fD4cC0262a05858C7FDF2,1310
0x6dDCba312211728E939fD4cC0262a05858C7FDF2,1311
0x6dDCba312211728E939fD4cC0262a05858C7FDF2,1312
0x6dDCba312211728E939fD4cC0262a05858C7FDF2,1313
0xcFE8cE9EecE778b1f71555b56f7FCD68B17226A4,1314
0x33f2DBdbe8e694EB1f59a057a2d78189b2217B87,1315
0x5cAd4c2CDD19a55cB545229698b8953060fDD2D9,1316
0xfdc79905818Aa8e0ff637c2627C98B1E8B5A54b5,1317
0x1108a1509a87B6Ca3bE0247387E815266CDe4ffA,1318
0x1108a1509a87B6Ca3bE0247387E815266CDe4ffA,1319
0x1108a1509a87B6Ca3bE0247387E815266CDe4ffA,1320
0x1108a1509a87B6Ca3bE0247387E815266CDe4ffA,1321
0x1108a1509a87B6Ca3bE0247387E815266CDe4ffA,1322
0x1108a1509a87B6Ca3bE0247387E815266CDe4ffA,1323
0x1108a1509a87B6Ca3bE0247387E815266CDe4ffA,1324
0x1108a1509a87B6Ca3bE0247387E815266CDe4ffA,1325
0x5B8A42Fc0C151Aa7f4F764B805AbEa1fC3516921,1326
0x16064d4Aa19bD06F7dC6579365cBb27f92857B2C,1327
0xD3206ac8725D403eAEC5D8767f5f1bBA791e6D44,1328
0x921Ae88E3618189CA7d832D740dF2444FD0Df4c1,1329
0x4bBe0Fd0bDEC55E074C5E6ea9f4f627AFf31E93a,1330
0x4abd7276C53279b3aBFFF2B5D8A47c0AFc84833B,1331
0xB49509ac32eacb3a7F4Ea8C8B6C7c67e65E12B6D,1332
0xB49509ac32eacb3a7F4Ea8C8B6C7c67e65E12B6D,1333
0xB49509ac32eacb3a7F4Ea8C8B6C7c67e65E12B6D,1334
0xB49509ac32eacb3a7F4Ea8C8B6C7c67e65E12B6D,1335
0xB49509ac32eacb3a7F4Ea8C8B6C7c67e65E12B6D,1336
0xB49509ac32eacb3a7F4Ea8C8B6C7c67e65E12B6D,1337
0xB49509ac32eacb3a7F4Ea8C8B6C7c67e65E12B6D,1338
0xB49509ac32eacb3a7F4Ea8C8B6C7c67e65E12B6D,1339
0xB388233Fc7f3391C41392545bccf0909E5cf4b41,1340
0x492b30e7B576aC749F2A398BC31F08d8436Ba504,1341
0x474b02bEdB8a12C3c3E41E605648D8EF4a39196c,1342
0x30AA811649E7a6781a1E7f6c241885C0b655C22a,1343
0x837Ba81662500bfBBF926a6967df6Fac60253B04,1344
0x837Ba81662500bfBBF926a6967df6Fac60253B04,1345
0x837Ba81662500bfBBF926a6967df6Fac60253B04,1346
0x837Ba81662500bfBBF926a6967df6Fac60253B04,1347
0x837Ba81662500bfBBF926a6967df6Fac60253B04,1348
0x837Ba81662500bfBBF926a6967df6Fac60253B04,1349
0x837Ba81662500bfBBF926a6967df6Fac60253B04,1350
0x837Ba81662500bfBBF926a6967df6Fac60253B04,1351
0x837Ba81662500bfBBF926a6967df6Fac60253B04,1352
0x6029Bfd00e0B53b848E85F1eD5649dCa71E0e8b7,1353
0x1a794F677A336976dB0A8Bc5Cc54A6Ed969205ed,1354
0x23038B2BeccAe773D9b830dDE765EBDEB0249fBA,1355
0x96Fb567ef48bFFDD95167821aC442bB95eD72006,1356
0xF26E97b83AE4A7dE4e23710B693584eA3d9212E7,1357
0xF26E97b83AE4A7dE4e23710B693584eA3d9212E7,1358
0xF26E97b83AE4A7dE4e23710B693584eA3d9212E7,1359
0xF26E97b83AE4A7dE4e23710B693584eA3d9212E7,1360
0xF26E97b83AE4A7dE4e23710B693584eA3d9212E7,1361
0xF26E97b83AE4A7dE4e23710B693584eA3d9212E7,1362
0xF26E97b83AE4A7dE4e23710B693584eA3d9212E7,1363
0xF26E97b83AE4A7dE4e23710B693584eA3d9212E7,1364
0x7694E0D4bcE5915e50185bB7E9809Ea544793Df2,1365
0xEB189E872D3FD10801A535254EcDEe37a3aF61db,1366
0xa41E79498DA7Bc115Db003c3D2a569987ce32D7B,1367
0xa41E79498DA7Bc115Db003c3D2a569987ce32D7B,1368
0xa41E79498DA7Bc115Db003c3D2a569987ce32D7B,1369
0xa41E79498DA7Bc115Db003c3D2a569987ce32D7B,1370
0xa41E79498DA7Bc115Db003c3D2a569987ce32D7B,1371
0xa41E79498DA7Bc115Db003c3D2a569987ce32D7B,1372
0xa41E79498DA7Bc115Db003c3D2a569987ce32D7B,1373
0xa41E79498DA7Bc115Db003c3D2a569987ce32D7B,1374
0x474b02bEdB8a12C3c3E41E605648D8EF4a39196c,1375
0x20a53930f8C16700c5Da9cD94dbfbB6aE34b23B7,1376
0xd80E09a94F9CD49fA6C8757205197c52f42A8A03,1377
0x43C9a7e362c6aD43896E962CEC9A3096302B154E,1378
0x43C9a7e362c6aD43896E962CEC9A3096302B154E,1379
0x43C9a7e362c6aD43896E962CEC9A3096302B154E,1380
0x43C9a7e362c6aD43896E962CEC9A3096302B154E,1381
0x43C9a7e362c6aD43896E962CEC9A3096302B154E,1382
0x43C9a7e362c6aD43896E962CEC9A3096302B154E,1383
0x43C9a7e362c6aD43896E962CEC9A3096302B154E,1384
0x43C9a7e362c6aD43896E962CEC9A3096302B154E,1385
0x8B2CAf98c19FE0890E6241bD57f923ef850a1f34,1386
0xB74a8764614DFdD08d6Ac835E791Dbddf393Fdc2,1387
0xB74a8764614DFdD08d6Ac835E791Dbddf393Fdc2,1388
0xB74a8764614DFdD08d6Ac835E791Dbddf393Fdc2,1389
0xB74a8764614DFdD08d6Ac835E791Dbddf393Fdc2,1390
0xB74a8764614DFdD08d6Ac835E791Dbddf393Fdc2,1391
0xB74a8764614DFdD08d6Ac835E791Dbddf393Fdc2,1392
0xB74a8764614DFdD08d6Ac835E791Dbddf393Fdc2,1393
0xB74a8764614DFdD08d6Ac835E791Dbddf393Fdc2,1394
0x82d52f0864af08EE9e79e6F128e9657072a712DF,1395
0x70DDC5f682117D61cd994D67021089Ef961dB827,1396
0xDA1eaa6D6BA271B1FB9e5d014FdBff6326d26aF6,1397
0x4a1F314b2d51d2f34A3d7265901671C286dD42FC,1398
0xf85d9492073996583AAE8bB15DB9bB411E574E6d,1399
0xf85d9492073996583AAE8bB15DB9bB411E574E6d,1400
0xf85d9492073996583AAE8bB15DB9bB411E574E6d,1401
0xf85d9492073996583AAE8bB15DB9bB411E574E6d,1402
0xf85d9492073996583AAE8bB15DB9bB411E574E6d,1403
0xf85d9492073996583AAE8bB15DB9bB411E574E6d,1404
0xf85d9492073996583AAE8bB15DB9bB411E574E6d,1405
0xf85d9492073996583AAE8bB15DB9bB411E574E6d,1406
0x346670eeC09b5aeEE3AA7117314d52CB07781960,1407
0xf47f7501a5A5221f5E4d7C6078e377d5BAb08277,1408
0x9dc1ca6dd4d0dB4888D5F98C8063611ba39bE295,1409
0x8C75843ec88eA34523d982a08CACF831F4e28D48,1410
0x0D8d78700E23E82b280f57Db10c26b2fF51Cd8cD,1411
0x4C2d0F9080b4D3299EF51F8684641024522f4549,1412
0xfC83192a4047247462C36e5823990688Ace93FE3,1413
0x0535bE3f20DC2Bd4cd772F1454631C3b780497F1,1414
0x36cf8d0140C83215B9951cbeA053C8402126Cd57,1415
0x91857e7b0d44cc965156d915a275D3Bc3DB9539B,1416
0x6271d199AF035Dc791d00feb62FbA4cb5C3D2b31,1417
0x6271d199AF035Dc791d00feb62FbA4cb5C3D2b31,1418
0x6271d199AF035Dc791d00feb62FbA4cb5C3D2b31,1419
0x6271d199AF035Dc791d00feb62FbA4cb5C3D2b31,1420
0x6271d199AF035Dc791d00feb62FbA4cb5C3D2b31,1421
0x6271d199AF035Dc791d00feb62FbA4cb5C3D2b31,1422
0x6271d199AF035Dc791d00feb62FbA4cb5C3D2b31,1423
0x6271d199AF035Dc791d00feb62FbA4cb5C3D2b31,1424
0xEABec8883fB97826f8C0eea47657eFe2bFeCf38e,1425
0xdB12b0A826d10ecca7a783caA1dAa508AFBD6Da9,1426
0xdB12b0A826d10ecca7a783caA1dAa508AFBD6Da9,1427
0xdB12b0A826d10ecca7a783caA1dAa508AFBD6Da9,1428
0xdB12b0A826d10ecca7a783caA1dAa508AFBD6Da9,1429
0xdB12b0A826d10ecca7a783caA1dAa508AFBD6Da9,1430
0xdB12b0A826d10ecca7a783caA1dAa508AFBD6Da9,1431
0xdB12b0A826d10ecca7a783caA1dAa508AFBD6Da9,1432
0xdB12b0A826d10ecca7a783caA1dAa508AFBD6Da9,1433
0x474b02bEdB8a12C3c3E41E605648D8EF4a39196c,1434
0xFCa9fC919065c1d12BFF2e0c007595AB8bCCe8aD,1435
0x3799df3644888C4B63d32557137ce9b21f3D0E19,1436
0x68ac4E2e496711aEb8CD59e1285C366AD601aE95,1437
0x68ac4E2e496711aEb8CD59e1285C366AD601aE95,1438
0xF65C1DAC65e06d05328F93499Ba71053F201954e,1439
0x4BdD9678731F0aac735FFcFad38a72106484fb40,1440
0x4BdD9678731F0aac735FFcFad38a72106484fb40,1441
0x4BdD9678731F0aac735FFcFad38a72106484fb40,1442
0x4BdD9678731F0aac735FFcFad38a72106484fb40,1443
0x4BdD9678731F0aac735FFcFad38a72106484fb40,1444
0x4BdD9678731F0aac735FFcFad38a72106484fb40,1445
0x4BdD9678731F0aac735FFcFad38a72106484fb40,1446
0x4BdD9678731F0aac735FFcFad38a72106484fb40,1447
0xbFae446a91215BcB0B2c6d0fe1df8286008756bc,1448
0xbB63203FA253B667F1d8D591954F5a14ba5613E2,1449
0x25840064B55Ac9b1531875a6Bfc8417fEb566CA6,1450
0x25840064B55Ac9b1531875a6Bfc8417fEb566CA6,1451
0x25840064B55Ac9b1531875a6Bfc8417fEb566CA6,1452
0x25840064B55Ac9b1531875a6Bfc8417fEb566CA6,1453
0x25840064B55Ac9b1531875a6Bfc8417fEb566CA6,1454
0x25840064B55Ac9b1531875a6Bfc8417fEb566CA6,1455
0x25840064B55Ac9b1531875a6Bfc8417fEb566CA6,1456
0x25840064B55Ac9b1531875a6Bfc8417fEb566CA6,1457
0xF8638Ed9a28E57048a668a69C9B558142719D9a9,1458
0xBFe4A605dd331D56D1A582750D94B22E01C2abE2,1459
0xc720fBC1Cc8aEE7d987dFC14c8DD3e29E7E5D49F,1460
0x04561E045B1a8ad3dE91595D3E18CeB9f4a7e164,1461
0x04561E045B1a8ad3dE91595D3E18CeB9f4a7e164,1462
0x04561E045B1a8ad3dE91595D3E18CeB9f4a7e164,1463
0x04561E045B1a8ad3dE91595D3E18CeB9f4a7e164,1464
0x04561E045B1a8ad3dE91595D3E18CeB9f4a7e164,1465
0x04561E045B1a8ad3dE91595D3E18CeB9f4a7e164,1466
0x04561E045B1a8ad3dE91595D3E18CeB9f4a7e164,1467
0x04561E045B1a8ad3dE91595D3E18CeB9f4a7e164,1468
0x699E14977Fb6110321F8Eba2BBD526c841F4A6c4,1469
0xFB6eA090DE39bd7048962acce94c6d3b14873F15,1470
0x9420FDfCB670Db7E97d2DA5dd8B8F66B11309aB9,1471
0x9420FDfCB670Db7E97d2DA5dd8B8F66B11309aB9,1472
0x9420FDfCB670Db7E97d2DA5dd8B8F66B11309aB9,1473
0x9420FDfCB670Db7E97d2DA5dd8B8F66B11309aB9,1474
0x9420FDfCB670Db7E97d2DA5dd8B8F66B11309aB9,1475
0x9420FDfCB670Db7E97d2DA5dd8B8F66B11309aB9,1476
0x9420FDfCB670Db7E97d2DA5dd8B8F66B11309aB9,1477
0x9420FDfCB670Db7E97d2DA5dd8B8F66B11309aB9,1478
0x6BBB1CEA66dB7bef23c23235aFE27d889ca00588,1479
0xDd31167C7b0f999593F224433750cF5630F845B5,1480
0xfA5dDC5345a1991ECF9aa01Aa5331979ec8e8293,1481
0x6298B4449B0417E88Cc3a63bf9322742C4A2Ef33,1482
0x474b02bEdB8a12C3c3E41E605648D8EF4a39196c,1483
0xbB63203FA253B667F1d8D591954F5a14ba5613E2,1484
0xbB63203FA253B667F1d8D591954F5a14ba5613E2,1485
0xbB63203FA253B667F1d8D591954F5a14ba5613E2,1486
0xbB63203FA253B667F1d8D591954F5a14ba5613E2,1487
0xbB63203FA253B667F1d8D591954F5a14ba5613E2,1488
0xbB63203FA253B667F1d8D591954F5a14ba5613E2,1489
0xbB63203FA253B667F1d8D591954F5a14ba5613E2,1490
0xbB63203FA253B667F1d8D591954F5a14ba5613E2,1491
0x4BF682963AA5d8ae3c7905578F7b2Fd465e87bdC,1492
0xAcFeF6fD5f6E9c3447b8FE57c096FE441802F74d,1493
0x49788d07a5b27C07AD9150435310083bc0654D4e,1494
0xE1CC2E447cc65741f03e7eaAA23E2D056bB4c009,1495
0x72c3c6537dFB2A71fd75ae6468A0D78494A0f639,1496
0xa499647E22c9b2F6d5597b217E2D9EFF2289D1F3,1497
0xaA96006C3F430c0d2054F0828a282DaC26bF45E8,1498
0xE2BD708D3758371836Be1d60724B538bF940FaEc,1499
0xc1E7CA17274C36a3358460F93ce30200916688b6,1500
0xc1E7CA17274C36a3358460F93ce30200916688b6,1501
0xc1E7CA17274C36a3358460F93ce30200916688b6,1502
0xc1E7CA17274C36a3358460F93ce30200916688b6,1503
0xc1E7CA17274C36a3358460F93ce30200916688b6,1504
0xc1E7CA17274C36a3358460F93ce30200916688b6,1505
0xc1E7CA17274C36a3358460F93ce30200916688b6,1506
0xc1E7CA17274C36a3358460F93ce30200916688b6,1507
0x7CFd91e5F136a3673B36f956C1DaE93C7d7e2751,1508
0x46392113f01985E2BdfE5BBc543f260e8048DD07,1509
0x7dA521cBbE62E89CD75e0993C78B8c68C25F696B,1510
0x6A5F3B0cE00d44AdE2286B1131F6a7e196364724,1511
0x75c421dcc68E95b8243c655DD5284a6351751cd4,1512
0x44f5C4F7b152eC27D91bfd5856efD76804b3090a,1513
0x7Bba80E55FeD1812974Ea0dB50E58D3f82348c1b,1514
0x7Bba80E55FeD1812974Ea0dB50E58D3f82348c1b,1515
0x7Bba80E55FeD1812974Ea0dB50E58D3f82348c1b,1516
0x7Bba80E55FeD1812974Ea0dB50E58D3f82348c1b,1517
0x7Bba80E55FeD1812974Ea0dB50E58D3f82348c1b,1518
0x7Bba80E55FeD1812974Ea0dB50E58D3f82348c1b,1519
0x7Bba80E55FeD1812974Ea0dB50E58D3f82348c1b,1520
0x7Bba80E55FeD1812974Ea0dB50E58D3f82348c1b,1521
0x888B143430E84Ec47f5dce5c4AAaA1EB62B08f5D,1522
0x7878c4d495590caD57C76091B600f5491bE6b949,1523
0xeA911a4588b36aEb1DAb90ae3FB58b6c44a37191,1524
0x24db6427d5A1c40261e865550fd4bEfF7BFFe7dC,1525
0x13d67263ca0737CBD19C7C230C7ef2f4419B71b9,1526
0x13d67263ca0737CBD19C7C230C7ef2f4419B71b9,1527
0x13d67263ca0737CBD19C7C230C7ef2f4419B71b9,1528
0x13d67263ca0737CBD19C7C230C7ef2f4419B71b9,1529
0x13d67263ca0737CBD19C7C230C7ef2f4419B71b9,1530
0x13d67263ca0737CBD19C7C230C7ef2f4419B71b9,1531
0x13d67263ca0737CBD19C7C230C7ef2f4419B71b9,1532
0x13d67263ca0737CBD19C7C230C7ef2f4419B71b9,1533
0x6c3b1E291D0155BC2EE6471D92a2105f357980Ac,1534
0xD3206ac8725D403eAEC5D8767f5f1bBA791e6D44,1535
0x73345D24A75a4ECaacE012A1AFEa3782179E2CaE,1536
0x64eaccB62A35Eb791cF79a2beC40e902dD99902c,1537
0x64eaccB62A35Eb791cF79a2beC40e902dD99902c,1538
0x64eaccB62A35Eb791cF79a2beC40e902dD99902c,1539
0x64eaccB62A35Eb791cF79a2beC40e902dD99902c,1540
0x64eaccB62A35Eb791cF79a2beC40e902dD99902c,1541
0x64eaccB62A35Eb791cF79a2beC40e902dD99902c,1542
0x64eaccB62A35Eb791cF79a2beC40e902dD99902c,1543
0x64eaccB62A35Eb791cF79a2beC40e902dD99902c,1544
0x0f76A7efb14659f30728696c8dC5884396980406,1545
0x1cb4948839EeA8002bb617946feA5B1825b22C07,1546
0xbbA17E3E501d91b9023AC4c1EEd11002bA0CC08d,1547
0xEd9510cEC2246E55E3191971c886728aC8e50C32,1548
0xEd9510cEC2246E55E3191971c886728aC8e50C32,1549
0xEd9510cEC2246E55E3191971c886728aC8e50C32,1550
0xEd9510cEC2246E55E3191971c886728aC8e50C32,1551
0xEd9510cEC2246E55E3191971c886728aC8e50C32,1552
0xEd9510cEC2246E55E3191971c886728aC8e50C32,1553
0xEd9510cEC2246E55E3191971c886728aC8e50C32,1554
0xEd9510cEC2246E55E3191971c886728aC8e50C32,1555
0xEd9510cEC2246E55E3191971c886728aC8e50C32,1556
0xfEC62b5ECdbe31d6309A4410A9ba85BD81A494Ec,1557
0xfEC62b5ECdbe31d6309A4410A9ba85BD81A494Ec,1558
0x5B81f894e5B0D3B7361DEFa454F50736C2aDD7eF,1559
0x68911e58f65062066abc81559a6DEf797402f345,1560
0x68911e58f65062066abc81559a6DEf797402f345,1561
0x68911e58f65062066abc81559a6DEf797402f345,1562
0x68911e58f65062066abc81559a6DEf797402f345,1563
0x68911e58f65062066abc81559a6DEf797402f345,1564
0x68911e58f65062066abc81559a6DEf797402f345,1565
0x68911e58f65062066abc81559a6DEf797402f345,1566
0x68911e58f65062066abc81559a6DEf797402f345,1567
0x68911e58f65062066abc81559a6DEf797402f345,1568
0xCb286622D343c459770d2F3E4E21c63a73a69FC4,1569
0xE48440c1f17235038C2B9E535C50fC64c6F8703A,1570
0x00213221fa458f995d2131127369694494F49B79,1571
0xDa610b7CeF2285B7B81cb605538Bc3F83999b2cE,1572
0x72D1BEFB45C38e2c137FA30c5e222CCD3629c110,1573
0x72D1BEFB45C38e2c137FA30c5e222CCD3629c110,1574
0x72D1BEFB45C38e2c137FA30c5e222CCD3629c110,1575
0x72D1BEFB45C38e2c137FA30c5e222CCD3629c110,1576
0x72D1BEFB45C38e2c137FA30c5e222CCD3629c110,1577
0x72D1BEFB45C38e2c137FA30c5e222CCD3629c110,1578
0x72D1BEFB45C38e2c137FA30c5e222CCD3629c110,1579
0x72D1BEFB45C38e2c137FA30c5e222CCD3629c110,1580
0xE48440c1f17235038C2B9E535C50fC64c6F8703A,1581
0x87678fB71E85f6efAeb39C03803B42f086058FB1,1582
0x4e13B4e63EE85df37565Eff8Df35bC326477591f,1583
0xf6C3645861E7e6F4aE70C00cc1361b62B7e9FA51,1584
0x80832b1bBF9C033eA8Aed28147BD139091f691c1,1585
0x1bd3EdCBC61CEA4001564EA975B99329f85950D5,1586
0x4f0188Ee7490146D9e92F35F86e825AaBd05cA8d,1587
0x4f0188Ee7490146D9e92F35F86e825AaBd05cA8d,1588
0x4f0188Ee7490146D9e92F35F86e825AaBd05cA8d,1589
0x4f0188Ee7490146D9e92F35F86e825AaBd05cA8d,1590
0x4f0188Ee7490146D9e92F35F86e825AaBd05cA8d,1591
0x4f0188Ee7490146D9e92F35F86e825AaBd05cA8d,1592
0x4f0188Ee7490146D9e92F35F86e825AaBd05cA8d,1593
0x4f0188Ee7490146D9e92F35F86e825AaBd05cA8d,1594
0x4f0188Ee7490146D9e92F35F86e825AaBd05cA8d,1595
0xE48440c1f17235038C2B9E535C50fC64c6F8703A,1596
0x3aBC79fF0A835caaC1193D2EC107938C364E1e82,1597
0xAa3a1d43304704299AbC82e54FDEC0876747fD5e,1598
0xAa3a1d43304704299AbC82e54FDEC0876747fD5e,1599
0xAa3a1d43304704299AbC82e54FDEC0876747fD5e,1600
0xAa3a1d43304704299AbC82e54FDEC0876747fD5e,1601
0xAa3a1d43304704299AbC82e54FDEC0876747fD5e,1602
0xAa3a1d43304704299AbC82e54FDEC0876747fD5e,1603
0xAa3a1d43304704299AbC82e54FDEC0876747fD5e,1604
0xAa3a1d43304704299AbC82e54FDEC0876747fD5e,1605
0xDf73dBE9020FD06e52644f4bBc8eD449Db29aBd2,1606
0xe4552F7f120c50463E6096223f621410F09B28C7,1607
0x53fBE0bf3794b1C56B3C0a4A0D07Aa04Efa2b2e7,1608
0xa7f064B2864F2c7d359e18593832C805F316187b,1609
0xC5927B30b4a1fD9Af0A00c8869D6Fde6D2031134,1610
0xC5927B30b4a1fD9Af0A00c8869D6Fde6D2031134,1611
0xC5927B30b4a1fD9Af0A00c8869D6Fde6D2031134,1612
0xC5927B30b4a1fD9Af0A00c8869D6Fde6D2031134,1613
0xC5927B30b4a1fD9Af0A00c8869D6Fde6D2031134,1614
0xC5927B30b4a1fD9Af0A00c8869D6Fde6D2031134,1615
0xC5927B30b4a1fD9Af0A00c8869D6Fde6D2031134,1616
0xC5927B30b4a1fD9Af0A00c8869D6Fde6D2031134,1617
0x9DDCF125d16467bAC82577c618699EbB0918d3Bb,1618
0x9DDCF125d16467bAC82577c618699EbB0918d3Bb,1619
0x9DDCF125d16467bAC82577c618699EbB0918d3Bb,1620
0x9DDCF125d16467bAC82577c618699EbB0918d3Bb,1621
0x9DDCF125d16467bAC82577c618699EbB0918d3Bb,1622
0x9DDCF125d16467bAC82577c618699EbB0918d3Bb,1623
0x9DDCF125d16467bAC82577c618699EbB0918d3Bb,1624
0x9DDCF125d16467bAC82577c618699EbB0918d3Bb,1625
0x31f0f72db2515C6663805973e113d3A064cE1Bf9,1626
0xeDAcc663C23ba31398550E17b1ccF47cd9Da1888,1627
0xeDAcc663C23ba31398550E17b1ccF47cd9Da1888,1628
0xeDAcc663C23ba31398550E17b1ccF47cd9Da1888,1629
0xeDAcc663C23ba31398550E17b1ccF47cd9Da1888,1630
0xeDAcc663C23ba31398550E17b1ccF47cd9Da1888,1631
0xeDAcc663C23ba31398550E17b1ccF47cd9Da1888,1632
0xeDAcc663C23ba31398550E17b1ccF47cd9Da1888,1633
0xeDAcc663C23ba31398550E17b1ccF47cd9Da1888,1634
0x86AF458B3a817d42Eece5D8afB10455e3Ca202d7,1635
0xfEC62b5ECdbe31d6309A4410A9ba85BD81A494Ec,1636
0xB66eD94bfdE5081576d365046453b0d325AB26b8,1637
0xd418b90F7b1B69f0f27DE5c26c06B023af861CFB,1638
0xd418b90F7b1B69f0f27DE5c26c06B023af861CFB,1639
0xd418b90F7b1B69f0f27DE5c26c06B023af861CFB,1640
0xd418b90F7b1B69f0f27DE5c26c06B023af861CFB,1641
0xd418b90F7b1B69f0f27DE5c26c06B023af861CFB,1642
0xd418b90F7b1B69f0f27DE5c26c06B023af861CFB,1643
0xd418b90F7b1B69f0f27DE5c26c06B023af861CFB,1644
0xd418b90F7b1B69f0f27DE5c26c06B023af861CFB,1645
0x04e45DC9785ceCd1a2CcFb40ad70ad70B3f10D45,1646
0xB8C53FDB2ED1Ef8a7107918bD4B22Ee1e07e3841,1647
0xB8C53FDB2ED1Ef8a7107918bD4B22Ee1e07e3841,1648
0xB8C53FDB2ED1Ef8a7107918bD4B22Ee1e07e3841,1649
0x30a264E559490C03e7391BcF788E125e30742200,1650
0x430A467e025020a53e0A4B2Ce36b157419e55B71,1651
0xc5a8ef5D646DFF676cd3Eb03e4e46aB5Ae1e46A7,1652
0x60b4eb0eC4B053Dc137D3Bc44Af79B29Dc7315db,1653
0x2BC45D459B11cCC88BE0cBdA1a59B3Df14761BA5,1654
0x2BC45D459B11cCC88BE0cBdA1a59B3Df14761BA5,1655
0x2BC45D459B11cCC88BE0cBdA1a59B3Df14761BA5,1656
0x2BC45D459B11cCC88BE0cBdA1a59B3Df14761BA5,1657
0x2BC45D459B11cCC88BE0cBdA1a59B3Df14761BA5,1658
0xc523f4Bbd8791842D8e8e0b24eB98718B9f5764c,1659
0xc523f4Bbd8791842D8e8e0b24eB98718B9f5764c,1660
0xc523f4Bbd8791842D8e8e0b24eB98718B9f5764c,1661
0xc523f4Bbd8791842D8e8e0b24eB98718B9f5764c,1662
0xc523f4Bbd8791842D8e8e0b24eB98718B9f5764c,1663
0xc523f4Bbd8791842D8e8e0b24eB98718B9f5764c,1664
0xc523f4Bbd8791842D8e8e0b24eB98718B9f5764c,1665
0xc523f4Bbd8791842D8e8e0b24eB98718B9f5764c,1666
0x04e45DC9785ceCd1a2CcFb40ad70ad70B3f10D45,1667
0x2BC45D459B11cCC88BE0cBdA1a59B3Df14761BA5,1668
0x54C91a6ccAFE8083DAB1B63d33A67470c9F81676,1669
0x2107Fb2cb20DbfF2a8cFbD6595628C6466b33323,1670
0x2ef467742A91bBA3048966D033656ea5035499a6,1671
0xA2e4694FA18429E593c1CDF7187571dd239d1959,1672
0x5f3d6141B371e1D3FDA66171640374211024B6A0,1673
0x518EC1006d2a9518388cF862369b1534190E12Fa,1674
0xd8aAa186db7214926cdD4C8aB5Ef1d919913402F,1675
0x4580719aB87eB414Df356c423bAdEb95b71E13cD,1676
0x86c16F44BC75851a9E2E16e28366aDD78169fEA9,1677
0x42FA6ca0539c62Ba4d6CAdCf0eB9054F77588eD9,1678
0x9DDCF125d16467bAC82577c618699EbB0918d3Bb,1679
0x9DDCF125d16467bAC82577c618699EbB0918d3Bb,1680
0x9DDCF125d16467bAC82577c618699EbB0918d3Bb,1681
0x9DDCF125d16467bAC82577c618699EbB0918d3Bb,1682
0x9DDCF125d16467bAC82577c618699EbB0918d3Bb,1683
0x9DDCF125d16467bAC82577c618699EbB0918d3Bb,1684
0x9DDCF125d16467bAC82577c618699EbB0918d3Bb,1685
0x9DDCF125d16467bAC82577c618699EbB0918d3Bb,1686
0xD0d9E3505349BC945A414A6EC8fF8bcaDAbF20e3,1687
0xfEC62b5ECdbe31d6309A4410A9ba85BD81A494Ec,1688
0x7418D9810683650e4bd392782848961a8c67AA87,1689
0x7418D9810683650e4bd392782848961a8c67AA87,1690
0x7418D9810683650e4bd392782848961a8c67AA87,1691
0x7418D9810683650e4bd392782848961a8c67AA87,1692
0x7418D9810683650e4bd392782848961a8c67AA87,1693
0x7418D9810683650e4bd392782848961a8c67AA87,1694
0x7418D9810683650e4bd392782848961a8c67AA87,1695
0x7418D9810683650e4bd392782848961a8c67AA87,1696
0xDE47Cd1A26D22dE2064838b7cccAef88cdf919Eb,1697
0x493Da0cDe8cbe456d096D296B88550a703939354,1698
0x493Da0cDe8cbe456d096D296B88550a703939354,1699
0xaCdA2D74768EF2F0435CB578C15048925ed14Ce6,1700
0x39718FD8CA10e9730A25BFc0eFC4781D563e465A,1701
0xa7f064B2864F2c7d359e18593832C805F316187b,1702
0x07F84c3E68d34359248F2bD2Ae3979b629343593,1703
0x146FA514748130407840B43069a022bF9976CB6d,1704
0x6be99217c86D8Fb15C8284781f84793abA668966,1705
0x6735b478F27E713Ff21bc7E951784CE41e604900,1706
0x4C0F3359A4Ef3a4A2BBEe138A34777C102E40848,1707
0x0dEf9b4811E4c4E9Da5ACF82d421C97B5E9C152F,1708
0x0dEf9b4811E4c4E9Da5ACF82d421C97B5E9C152F,1709
0x0dEf9b4811E4c4E9Da5ACF82d421C97B5E9C152F,1710
0x0dEf9b4811E4c4E9Da5ACF82d421C97B5E9C152F,1711
0x0dEf9b4811E4c4E9Da5ACF82d421C97B5E9C152F,1712
0x0dEf9b4811E4c4E9Da5ACF82d421C97B5E9C152F,1713
0x0dEf9b4811E4c4E9Da5ACF82d421C97B5E9C152F,1714
0x0dEf9b4811E4c4E9Da5ACF82d421C97B5E9C152F,1715
0x87529b411BDB01577b81e6f67683Daf59c85D751,1716
0x6bE410BB33133469cd7F67e54163FF3d4deEaeA0,1717
0xD68980A13fE514eD18b175c23432F5D172eE84F4,1718
0x9480fc2A527BB0F0e5E6A3CF2922BcD123B71302,1719
0xfB0bCEcb6409C16e081D2239A9a60F13C875F2C2,1720
0x2C3E22F9A78DB06988439D1b5372b8d573D40327,1721
0x5caF7445e1dF2dE07eE780CB628377743bB25b03,1722
0xB84E827CEdB57a8770C0D2661a6051f3b9E28afC,1723
0x7b2c77e13a88081004D0474A29F03338b20F6259,1724
0xb549687569764f0B411904fEee80c8C9d5CAF1a4,1725
0x054Becf10c79aFa4e60F75B187837bE9Fb83867D,1726
0x33fcaddB3Ca4f9a556324170d911e36881f871ba,1727
0x015e17de5Fc58DCE5E5d1F45c9d50Ec2b534417B,1728
0xb1aA11bB98E70000AaC020045Bc011DB35097163,1729
0x81caBd4705fBe5701acd979DbEE416c6eEf31d4A,1730
0x0F53bEbE3D4C6E1dEBe9aec93B405eFBC280Bae4,1731
0x0192A3FfDB4F7FeC9d19f5E14B478d1d16799810,1732
0x7b1e5DC13f763d1245290772dA84732cF64D2AAB,1733
0x53523C4FAd4A707Dd66a62247302d4E0fdb9a871,1734
0x8E74Ae785C375E81e433777B6b53a0Eb4Bd67E6B,1735
0x8c39e1cFb22F710bc6FDf02c784702bA84e46CB7,1736
0x2282d049753BC77642Ed307EC3b949527016d0A2,1737
0xDca875f1514152E3049761fE32C9782719A2F34b,1738
0xBF4d3EB0076983Cb404043eC1844286C97Eaf32c,1739
0x65C9E19a2DEA9a8aABBC9fDF650937AeF919CF1C,1740
0x888D254882756A9fa099d833FfEe771678691FdE,1741
0x0CD9C76AeA37066F5A069472957C1f8dd4be66f7,1742
0x8676dcdb6493e9e41eB1B0Cecfd658373c52dE27,1743
0xB5679b9c560258f0BE5aFEaaDDcdbbB7468DE9fA,1744
0x3592Cab5540c0BE4843643A988dE6165E39C4036,1745
0x30a415d1Ecb802589371C3ADA1C1eE597896b23a,1746
0x2e7735AdB640c4A1f6C72657c66FbD892D487d5D,1747
0x1ccaf054CF2c0efD081568dFD87Ce779FF509cA6,1748
0x1ccaf054CF2c0efD081568dFD87Ce779FF509cA6,1749
0x1ccaf054CF2c0efD081568dFD87Ce779FF509cA6,1750
0x1ccaf054CF2c0efD081568dFD87Ce779FF509cA6,1751
0x1ccaf054CF2c0efD081568dFD87Ce779FF509cA6,1752
0x1ccaf054CF2c0efD081568dFD87Ce779FF509cA6,1753
0x1ccaf054CF2c0efD081568dFD87Ce779FF509cA6,1754
0x1ccaf054CF2c0efD081568dFD87Ce779FF509cA6,1755
0x12EF2cD4231D5CF655a6CDD4Ac1524FFaa439c17,1756
0xcde03566d2d324bC2Fe22581E4D9506779E1e451,1757
0x268703Ed376f7Ef210bBa3A8C4bc7B75AD63C630,1758
0x8c90e009A6567eA39fE1443Ae3aB03c0EB80Cc11,1759
0xa253Bb4079F53b04727002489E0Ee765280c1Ae2,1760
0xD779a7eDEcdd3841C48933bAefe6A29CA52DfA3C,1761
0x10495E143d79296d5222497b7245294dc9e2D596,1762
0xA8518a2cCDfe353844F2fB553B90D8E8A740b347,1763
0xa7f064B2864F2c7d359e18593832C805F316187b,1764
0x40bC680b605c6A9824860ABB101e482A8131e108,1765
0xb6393ca3D83CFA34001f18f73e86b33ECf294785,1766
0xB9476b313aC6105C5aC32b3DA16bEabF2f917930,1767
0xA1E8260f024ecA7E571bd09B21d71372FDeb5A21,1768
0x5E926215b3f6Afb590900306A17Af90dB40Eb28E,1769
0x229d214c4dB1294CF93F23649bD4c40f0e73D3D2,1770
0xEC5b22756D0191fBbB4AFffDd5ae2A660538D196,1771
0x59fe3bD3223bff0c305D9cb1e311Bb5885ca89F8,1772
0x58FEa40D1d669C8Cb19DD5c05503b98A0d368155,1773
0x78293B34a64fE437f8da25bEde5a802E7021A56e,1774
0xfBD6803A7a0FE2b8c2a4E3790095B394FdF95b5A,1775
0xa7f064B2864F2c7d359e18593832C805F316187b,1776
0xcFE8cE9EecE778b1f71555b56f7FCD68B17226A4,1777
0x885b73C3586576541E18A8B84f6F0B641a6c1eba,1778
0x05CCa6ff180c7F8039060424dD6eE51dB7619b75,1779
0x52a3C618D47A4CE8C95eB846eeD47ef3CED4bF2F,1780
0xa7f064B2864F2c7d359e18593832C805F316187b,1781
0x8844126cA5dEFEE105Ae50e5089933768cCf9999,1782
0xB78A35aB7F19CF0255EbC60fA673bd151BD9Db14,1783
0xa7f064B2864F2c7d359e18593832C805F316187b,1784
0xCF04A885FFd49579445C791788F07b058956A190,1785
0x9Edb4aEbA2753499d88dC40086a5230182889B52,1786
0x1064f58bbD7Ed0A6DDc638D5f26BA772F56716E6,1787
0x694a20d325199b94698778F2deD782792516A726,1788
0x50495946033EcBC8699c526cd8A5F9C6E420c0d6,1789
0x50495946033EcBC8699c526cd8A5F9C6E420c0d6,1790
0x50495946033EcBC8699c526cd8A5F9C6E420c0d6,1791
0x50495946033EcBC8699c526cd8A5F9C6E420c0d6,1792
0x50495946033EcBC8699c526cd8A5F9C6E420c0d6,1793
0x50495946033EcBC8699c526cd8A5F9C6E420c0d6,1794
0x50495946033EcBC8699c526cd8A5F9C6E420c0d6,1795
0x50495946033EcBC8699c526cd8A5F9C6E420c0d6,1796
0xBCf8C4D52959E0047A6386a1453b8B8b3504faDF,1797
0x0743542070891051861f8D0a4550f97B43B0B89a,1798
0x54cF78C31739B97F87381b19937d13F04DC9819f,1799
0x166143ca1Bc139924F7aEd5423CEAbF0212AC787,1800
0x576f9fDD019204d39F0f42414705852f438d7117,1801
0x576f9fDD019204d39F0f42414705852f438d7117,1802
0x3B9D2cA1cda3Ed1bE94DD1AC5fce5F37666A483D,1803
0xD2F479A79A85adE26Ba9d034a2d651D0FD4FF8aB,1804
0x888D254882756A9fa099d833FfEe771678691FdE,1805
0x14Fdd851183b8f2cC9430918bE0FE6Db883DDFa4,1806
0x21dA48a811A3E938550187fc12d79d1beeFc933D,1807
0x0A24b03fA2CB9b51AF900C68600B3f70211b3540,1808
0xDd03D487dFEa1E3f3A862fdF32a8E27c9f5fFB6F,1809
0xfedbfA4f865dab6794E94f71B0403FA1Ba26A258,1810
0xCbc5FD02b8E65993a8E244d65bb34AeD98BB9B24,1811
0x146D35a6485DbAFF357fB48B3BbA31fCF9E9c787,1812
0xaBB121A05A314B1B73a4449E85b7541047DFe6e7,1813
0x63AdC9e40e66492763b200531DF34bc39F0b3Ad2,1814
0xaF884fc78e7446e3e11e8E4C7d4e2085B8aAF956,1815
0xc720fBC1Cc8aEE7d987dFC14c8DD3e29E7E5D49F,1816
0x9e9f3A95B4a25CD78B3C92839b583Cf5182D2Dc5,1817
0xD8CC4D61908a06836cfaE0B2c8376f3B38B5aDB5,1818
0x6bE410BB33133469cd7F67e54163FF3d4deEaeA0,1819
0x2BC1bc2462fFc588ee7b80B0F822083e9973071A,1820
0x5a1634cd84e2bDBc3EF4D23EbDC1B3bA4C8A8bF1,1821
0x76ff728f2A0A8766f7427B489d9465C52deE2Faf,1822
0xfDd7A9F7157C4BdA6B7de2a59c4C63C20b7D88BB,1823
0xfDd7A9F7157C4BdA6B7de2a59c4C63C20b7D88BB,1824
0xfDd7A9F7157C4BdA6B7de2a59c4C63C20b7D88BB,1825
0xA970fA27e02A61D9Ee6Eb311cce7B8D2bDc6AB50,1826
0xA970fA27e02A61D9Ee6Eb311cce7B8D2bDc6AB50,1827
0xC8B51A47b7eDD0681276444770Bff117957A180a,1828
0xB832A36d6e53164f4BDFf69e5F22467107370455,1829
0x4Ae100b4FfC7F72A4c914EFc7aa65e6218f0C3Db,1830
0x211372C39c4F42688eb2271693583FEa035d0AcF,1831
0x63931d8e5C04Ad0F67aaFF93be143E2CcFb93922,1832
0x5Ef0CCd9E730D832E01Aa859894cF8fEeF148cF5,1833
0xA8aF295B18Dc3562B3743Dc09bF0079F7Cac720a,1834
0x54C91a6ccAFE8083DAB1B63d33A67470c9F81676,1835
0x54C91a6ccAFE8083DAB1B63d33A67470c9F81676,1836
0x54C91a6ccAFE8083DAB1B63d33A67470c9F81676,1837
0x54C91a6ccAFE8083DAB1B63d33A67470c9F81676,1838
0x54C91a6ccAFE8083DAB1B63d33A67470c9F81676,1839
0x54C91a6ccAFE8083DAB1B63d33A67470c9F81676,1840
0x54C91a6ccAFE8083DAB1B63d33A67470c9F81676,1841
0x54C91a6ccAFE8083DAB1B63d33A67470c9F81676,1842
0x2683850afe34e173E11A379CC1043c141f104034,1843
0x569640a09Ab40b00F31f9d4f110862DAC1Dcec48,1844
0x1cb4948839EeA8002bb617946feA5B1825b22C07,1845
0xC8B51A47b7eDD0681276444770Bff117957A180a,1846
0x3eCB74985008b53Da1d13e403C37C42fb1E2C685,1847
0x23038B2BeccAe773D9b830dDE765EBDEB0249fBA,1848
0x430A467e025020a53e0A4B2Ce36b157419e55B71,1849
0x33b0784543F5A2Ab6380D02ae3233D18127905F3,1850
0x33b0784543F5A2Ab6380D02ae3233D18127905F3,1851
0x33b0784543F5A2Ab6380D02ae3233D18127905F3,1852
0x33b0784543F5A2Ab6380D02ae3233D18127905F3,1853
0x33b0784543F5A2Ab6380D02ae3233D18127905F3,1854
0x33b0784543F5A2Ab6380D02ae3233D18127905F3,1855
0x33b0784543F5A2Ab6380D02ae3233D18127905F3,1856
0x33b0784543F5A2Ab6380D02ae3233D18127905F3,1857
0xa1Cd45953095210477ca7f6d7D0Dad4f48688c45,1858
0x65757eAED3825979b989476735a6bbD9e8514f13,1859
0x5F6ee3220F70CFA2fe974aaA8feA15305Ed62e7a,1860
0x08b35d6cffFF52e3D619140Ad88ED43d9C6e66D8,1861
0x0eF2f3a87aA1275f8127bF5fcee4dbF531964952,1862
0x212B4F7605a2A4a711F0A37Fb2c2Dc45E61a2bA2,1863
0x5785523D831e155E38e5b94512E62E594e30D97a,1864
0x5F6ee3220F70CFA2fe974aaA8feA15305Ed62e7a,1865
0x7C04D53A166C2F7247797a2021481158A9E5e0F0,1866
0xF5d8F53a36C4BbeF078e352ef38cc06132320d3C,1867
0xD915800F3C395E93632F36EFaD9d2FF73758e964,1868
0x36356F3ccA7Ed79557ca1bf891e0B3C68b73B4E3,1869
0x587B0Eab9a7c1679702651e6cFF681BcCdfB338D,1870
0x4B70b870182F65E43E7413Ec33878015EAb7E7Ff,1871
0xDc8c1959C74ab2cb3819ADD153E62739d12be550,1872
0x6B2b94B69F03f3B3A917778e610F41F1318A5bf0,1873
0xC2EFaabB7170ef8a8B64a56D1c80FeFa3DB5bD78,1874
0xbF8cb33574B663bb832ef14f0657d72D952f5995,1875
0xBe6AC4a5B61A4bE1aC4Ea473669a24eE5aaE3033,1876
0xf3b059c887172f2cc52b5e77EE3b2C8B3A32E6eF,1877
0x1869F6bcCA76861e0E2ea7fFDeB8bE741d712736,1878
0x93C33aA10E19437c294553aCc45fE9d372c980e6,1879
0x383Ec4dC4ba683d37F618ac387b36dfbFDACB0a7,1880
0x383Ec4dC4ba683d37F618ac387b36dfbFDACB0a7,1881
0x383Ec4dC4ba683d37F618ac387b36dfbFDACB0a7,1882
0x383Ec4dC4ba683d37F618ac387b36dfbFDACB0a7,1883
0x383Ec4dC4ba683d37F618ac387b36dfbFDACB0a7,1884
0x383Ec4dC4ba683d37F618ac387b36dfbFDACB0a7,1885
0x383Ec4dC4ba683d37F618ac387b36dfbFDACB0a7,1886
0x383Ec4dC4ba683d37F618ac387b36dfbFDACB0a7,1887
0x48F19a709E5De7297Ff514D7d4115E579D946015,1888
0x8ce9291F77195877658ED285a42F34e12A3517cf,1889
0xeBd612d857e40C38a2241ba6F57414B3F44Df17d,1890
0xa65EdADf32e5730BA78415138E10751f317e4De2,1891
0x69E30734eda3bd02DabB5152122b6438593DcD2c,1892
0x35A15c9cf8C699329Ecb2CFf69b19f9Db5c3fe6a,1893
0x35A15c9cf8C699329Ecb2CFf69b19f9Db5c3fe6a,1894
0x35A15c9cf8C699329Ecb2CFf69b19f9Db5c3fe6a,1895
0x35A15c9cf8C699329Ecb2CFf69b19f9Db5c3fe6a,1896
0x35A15c9cf8C699329Ecb2CFf69b19f9Db5c3fe6a,1897
0x35A15c9cf8C699329Ecb2CFf69b19f9Db5c3fe6a,1898
0x35A15c9cf8C699329Ecb2CFf69b19f9Db5c3fe6a,1899
0x35A15c9cf8C699329Ecb2CFf69b19f9Db5c3fe6a,1900
0xa499647E22c9b2F6d5597b217E2D9EFF2289D1F3,1901
0x56E9bFF1f4A02Db646D6640548eCd5061dDc0912,1902
0x56E9bFF1f4A02Db646D6640548eCd5061dDc0912,1903
0x56E9bFF1f4A02Db646D6640548eCd5061dDc0912,1904
0x56E9bFF1f4A02Db646D6640548eCd5061dDc0912,1905
0x56E9bFF1f4A02Db646D6640548eCd5061dDc0912,1906
0x56E9bFF1f4A02Db646D6640548eCd5061dDc0912,1907
0x56E9bFF1f4A02Db646D6640548eCd5061dDc0912,1908
0x56E9bFF1f4A02Db646D6640548eCd5061dDc0912,1909
0x988236e5A0a27c62124D131c2B8De67189532100,1910
0x56E9bFF1f4A02Db646D6640548eCd5061dDc0912,1911
0xeB9d8758933a21A2b0adF1226f360631184fc898,1912
0x7c26D4FD23281b2EE77bea3591Ec80392fDaFEC1,1913
0x06d62adb28300B7A4f84d61F631C848204817e75,1914
0xC842575acD573015C982421bD0B6607d498EecFE,1915
0xD744c95cd5375754C8B267E83E3c911a0f31AEC1,1916
0x8fd58f8ED0cb538E55f588C5DA5F66f8439C72C1,1917
0x0A5A5b692fa9855560226f31863e32E76bEED2e6,1918
0xdc7537484D3a6a2A7C83Bf3273Dd34106982DC2B,1919
0xf0CdFBe451bc4c80772E8a807c30960137d41aF5,1920
0x15bAfe82C1dD46a593D43725AC9775A702f1E339,1921
0x33e844Ea85b3591e962F377Ff179121536fa79ed,1922
0x176Cce2284a307e71b34b6524B03C1455269b554,1923
0x176Cce2284a307e71b34b6524B03C1455269b554,1924
0x176Cce2284a307e71b34b6524B03C1455269b554,1925
0xb5D045Ee46F26a6d9de59CcA670D6E8f35f206D0,1926
0x176Cce2284a307e71b34b6524B03C1455269b554,1927
0x176Cce2284a307e71b34b6524B03C1455269b554,1928
0x176Cce2284a307e71b34b6524B03C1455269b554,1929
0xFfC067c4B3B1E0900246D1e1B598404d265EAD32,1930
0xCAfdBDA6303Cb2675a6Ad24127857E3bC21cc17b,1931
0xaA99157856D8785C3A0BAB85F070766554A1d882,1932
0xD08BebEa335C51B73C2B10B41C8633Eb2845c347,1933
0xF02EFfdbBAdE9f97F6356bE4C0cB9896e7FeCCde,1934
0x240e55EB2cd776ad7c30ADb2f47844b9C389e1b4,1935
0x404A2556829d1Ae9bEE1F9DA7500c3695104357A,1936
0x404A2556829d1Ae9bEE1F9DA7500c3695104357A,1937
0x404A2556829d1Ae9bEE1F9DA7500c3695104357A,1938
0x404A2556829d1Ae9bEE1F9DA7500c3695104357A,1939
0x404A2556829d1Ae9bEE1F9DA7500c3695104357A,1940
0x404A2556829d1Ae9bEE1F9DA7500c3695104357A,1941
0x404A2556829d1Ae9bEE1F9DA7500c3695104357A,1942
0x404A2556829d1Ae9bEE1F9DA7500c3695104357A,1943
0x404A2556829d1Ae9bEE1F9DA7500c3695104357A,1944
0x404A2556829d1Ae9bEE1F9DA7500c3695104357A,1945
0x404A2556829d1Ae9bEE1F9DA7500c3695104357A,1946
0x404A2556829d1Ae9bEE1F9DA7500c3695104357A,1947
0x404A2556829d1Ae9bEE1F9DA7500c3695104357A,1948
0x404A2556829d1Ae9bEE1F9DA7500c3695104357A,1949
0x404A2556829d1Ae9bEE1F9DA7500c3695104357A,1950
0x404A2556829d1Ae9bEE1F9DA7500c3695104357A,1951
0xC66682aB91208E7C88b139177540382118077fD4,1952
0xC66682aB91208E7C88b139177540382118077fD4,1953
0xC66682aB91208E7C88b139177540382118077fD4,1954
0xC66682aB91208E7C88b139177540382118077fD4,1955
0xC66682aB91208E7C88b139177540382118077fD4,1956
0xC66682aB91208E7C88b139177540382118077fD4,1957
0xC66682aB91208E7C88b139177540382118077fD4,1958
0xC66682aB91208E7C88b139177540382118077fD4,1959
0x2989BcDccf9d113a492A4fA101b9C4daBC6675Ff,1960
0xA6e5Fc32cC479e73da70B0E286247d4E757ec4e4,1961
0xD3Ae3C8E2700eEc76A9823d6a4bC4e11b22Adb28,1962
0xD3Ae3C8E2700eEc76A9823d6a4bC4e11b22Adb28,1963
0xD3Ae3C8E2700eEc76A9823d6a4bC4e11b22Adb28,1964
0xD3Ae3C8E2700eEc76A9823d6a4bC4e11b22Adb28,1965
0xD3Ae3C8E2700eEc76A9823d6a4bC4e11b22Adb28,1966
0xD3Ae3C8E2700eEc76A9823d6a4bC4e11b22Adb28,1967
0xD3Ae3C8E2700eEc76A9823d6a4bC4e11b22Adb28,1968
0xD3Ae3C8E2700eEc76A9823d6a4bC4e11b22Adb28,1969
0xD3Ae3C8E2700eEc76A9823d6a4bC4e11b22Adb28,1970
0xD3Ae3C8E2700eEc76A9823d6a4bC4e11b22Adb28,1971
0xD3Ae3C8E2700eEc76A9823d6a4bC4e11b22Adb28,1972
0xD3Ae3C8E2700eEc76A9823d6a4bC4e11b22Adb28,1973
0xD3Ae3C8E2700eEc76A9823d6a4bC4e11b22Adb28,1974
0xD3Ae3C8E2700eEc76A9823d6a4bC4e11b22Adb28,1975
0xD3Ae3C8E2700eEc76A9823d6a4bC4e11b22Adb28,1976
0xD3Ae3C8E2700eEc76A9823d6a4bC4e11b22Adb28,1977
0x7A8B19729482469FE896D13EA96ad54E22F5b4C7,1978
0xdB682d6EF8C77505b60fBcaEA67dD5Bb892d2f28,1979
0xA027b2b8A54dB4B1d2d422af1F41f70f19B5867A,1980
0xA027b2b8A54dB4B1d2d422af1F41f70f19B5867A,1981
0xA027b2b8A54dB4B1d2d422af1F41f70f19B5867A,1982
0xA027b2b8A54dB4B1d2d422af1F41f70f19B5867A,1983
0xA027b2b8A54dB4B1d2d422af1F41f70f19B5867A,1984
0xA027b2b8A54dB4B1d2d422af1F41f70f19B5867A,1985
0xA027b2b8A54dB4B1d2d422af1F41f70f19B5867A,1986
0xA027b2b8A54dB4B1d2d422af1F41f70f19B5867A,1987
0x79C9384595b07a991850CE990FEd9507d97d30ED,1988
0x79C9384595b07a991850CE990FEd9507d97d30ED,1989
0x79C9384595b07a991850CE990FEd9507d97d30ED,1990
0x79C9384595b07a991850CE990FEd9507d97d30ED,1991
0x79C9384595b07a991850CE990FEd9507d97d30ED,1992
0x79C9384595b07a991850CE990FEd9507d97d30ED,1993
0x79C9384595b07a991850CE990FEd9507d97d30ED,1994
0x79C9384595b07a991850CE990FEd9507d97d30ED,1995
0x79C9384595b07a991850CE990FEd9507d97d30ED,1996
0x79C9384595b07a991850CE990FEd9507d97d30ED,1997
0x79C9384595b07a991850CE990FEd9507d97d30ED,1998
0x79C9384595b07a991850CE990FEd9507d97d30ED,1999
0x79C9384595b07a991850CE990FEd9507d97d30ED,2000
0x79C9384595b07a991850CE990FEd9507d97d30ED,2001
0x79C9384595b07a991850CE990FEd9507d97d30ED,2002
0x79C9384595b07a991850CE990FEd9507d97d30ED,2003
0x6d02c79fcE6Ae0e6ba2c3F77BC19e939e9c078B7,2004
0x7244F2c643c7A4D873F97c084F9431220c9dB98e,2005
0x7244F2c643c7A4D873F97c084F9431220c9dB98e,2006
0x7244F2c643c7A4D873F97c084F9431220c9dB98e,2007
0x7244F2c643c7A4D873F97c084F9431220c9dB98e,2008
0x7244F2c643c7A4D873F97c084F9431220c9dB98e,2009
0x7244F2c643c7A4D873F97c084F9431220c9dB98e,2010
0x7244F2c643c7A4D873F97c084F9431220c9dB98e,2011
0x7244F2c643c7A4D873F97c084F9431220c9dB98e,2012
0xAc66D0bA73D78AD046B9b9195583eE4ED28C982c,2013
0xAc66D0bA73D78AD046B9b9195583eE4ED28C982c,2014
0xAc66D0bA73D78AD046B9b9195583eE4ED28C982c,2015
0xAc66D0bA73D78AD046B9b9195583eE4ED28C982c,2016
0xAc66D0bA73D78AD046B9b9195583eE4ED28C982c,2017
0xAc66D0bA73D78AD046B9b9195583eE4ED28C982c,2018
0xAc66D0bA73D78AD046B9b9195583eE4ED28C982c,2019
0xAc66D0bA73D78AD046B9b9195583eE4ED28C982c,2020
0x8a2978d2a61724BdB284Ae8CEC830e50dE18db7A,2021
0x0C126B19Cc44bab71d50Ef8b752b2aBC548d3364,2022
0x0C126B19Cc44bab71d50Ef8b752b2aBC548d3364,2023
0x0C126B19Cc44bab71d50Ef8b752b2aBC548d3364,2024
0x0C126B19Cc44bab71d50Ef8b752b2aBC548d3364,2025
0x0C126B19Cc44bab71d50Ef8b752b2aBC548d3364,2026
0x0C126B19Cc44bab71d50Ef8b752b2aBC548d3364,2027
0x0C126B19Cc44bab71d50Ef8b752b2aBC548d3364,2028
0x0C126B19Cc44bab71d50Ef8b752b2aBC548d3364,2029
0x0C126B19Cc44bab71d50Ef8b752b2aBC548d3364,2030
0x0C126B19Cc44bab71d50Ef8b752b2aBC548d3364,2031
0x0C126B19Cc44bab71d50Ef8b752b2aBC548d3364,2032
0x0C126B19Cc44bab71d50Ef8b752b2aBC548d3364,2033
0x0C126B19Cc44bab71d50Ef8b752b2aBC548d3364,2034
0x0C126B19Cc44bab71d50Ef8b752b2aBC548d3364,2035
0x0C126B19Cc44bab71d50Ef8b752b2aBC548d3364,2036
0x0C126B19Cc44bab71d50Ef8b752b2aBC548d3364,2037
0xe9D302C300D092379d8d7F5702c18bF1859f9231,2038
0x089A94845EadEF0697969D67222646BbC1606305,2039
0x0CB5a1794CaAd573d490c72c36eC7dA948E4E4Da,2040
0xD8846bC8388E5A9D3dBC69E3958a5Cd1B4f5eBf9,2041
0x260668C2555d663e315B476fa752f272D44Af7AE,2042
0x571d05Feb04da207F8efbC0EC4AB756689812Be8,2043
0x7f05634abC22d8592e11A797696d38BA9ff89cB9,2044
0x9C529Af39499Eec506aC31fDfA13bb299C2C2A55,2045
0xd32def66Ba2D67fbeD07fbC5dBB7907cB62D0dE6,2046
0x74977BB8C7A10725C990F874E38b0FcC6b74e0B6,2047
0x78FA562DB71c28Af6E0643324CD2b5d3CF2bc6ef,2048
0x606e8d44189D62Ffdc84f8BC601Bfead1C8588dc,2049
0x904e6B5A024D99d36d24cf35Ec2e3EB423bd775E,2050
0xEABec8883fB97826f8C0eea47657eFe2bFeCf38e,2051
0xF57B3384189C77F024079276aff9890b8a55565d,2052
0xB951d531851467eD51636b5d1B0A3736dE9E12f4,2053
0x5F08Ab3F88d240247a569b79Dd7a5EA6cCf6C3Ad,2054
0xdBaeeC57303F27A6F0E5879398e4DB6215A6bf42,2055
0xa6e96DBB6B7d2c12062E70d3dEc87C4FE23f961f,2056
0xE58564b8Ce8344AFDFE3a111bC0B541ee7F5f7Fa,2057
0x71e85d598326A56fF57A52f1A8C4af34269a99f9,2058
0xC2eCBaD563eD79af01b0fb8FF36e34543D134EE8,2059
0x9d36E6c4360F71368901d5FCbF5675d020640088,2060
0x3bd59eD16c462b4464091830DAB828dce079076f,2061
0x3bd59eD16c462b4464091830DAB828dce079076f,2062
0x380dE305d67f4D03cD12e05880584Cb68B2d4F77,2063
0x0f7713BEfD074b3B6cdf449DcbAd0cdd880c23c0,2064
0x9958B62B9227E273c672E75365425578d73ef077,2065
0x87529b411BDB01577b81e6f67683Daf59c85D751,2066
0x87529b411BDB01577b81e6f67683Daf59c85D751,2067
0x87529b411BDB01577b81e6f67683Daf59c85D751,2068
0x87529b411BDB01577b81e6f67683Daf59c85D751,2069
0x87529b411BDB01577b81e6f67683Daf59c85D751,2070
0x87529b411BDB01577b81e6f67683Daf59c85D751,2071
0x87529b411BDB01577b81e6f67683Daf59c85D751,2072
0x87529b411BDB01577b81e6f67683Daf59c85D751,2073
0x87529b411BDB01577b81e6f67683Daf59c85D751,2074
