address,tokenId,tokenNumber
0xD3Ae3C8E2700eEc76A9823d6a4bC4e11b22Adb28,0,2
0xeD5b95342A7A4d2735F7D86c3D2c50cb03837446,1,7
0xeD5b95342A7A4d2735F7D86c3D2c50cb03837446,2,8
0xeD5b95342A7A4d2735F7D86c3D2c50cb03837446,3,2
0x79C9384595b07a991850CE990FEd9507d97d30ED,4,3
0xE14041141fFE5999AE6a8d5836b1166228852322,5,2
0x79C9384595b07a991850CE990FEd9507d97d30ED,6,3
0xeC4Fa56f6a7d9a0EfB70aB8Da944621FE44E0064,7,6
0x12BbfcD97B792E614eF346061C05f4a98277f9Ac,8,4
0x7dc176230352dBd6211732b8ee9fAb14CDbBA549,9,4
0x39718FD8CA10e9730A25BFc0eFC4781D563e465A,10,8
0x054Becf10c79aFa4e60F75B187837bE9Fb83867D,11,0
0x7624066e1F83954dbe80c14182E6920d084B308c,12,5
0x1Bf2f04a033FF7a6753E99CaC4F84E67dC43636e,13,0
0x39555C88dD5a59A4556a3658c89F3DFc7DF03Ad2,14,4
0x0e0a4aa4d1051F76b985633812c475BD4c8c6E23,15,7
0x4D3D9B456f36742a2027BE1a5f941bbB1fd2640a,16,3
0x33f2DBdbe8e694EB1f59a057a2d78189b2217B87,17,3
0x4D3D9B456f36742a2027BE1a5f941bbB1fd2640a,18,1
0x0e0a4aa4d1051F76b985633812c475BD4c8c6E23,19,8
0x4D3D9B456f36742a2027BE1a5f941bbB1fd2640a,20,6
0x20d921922dB11CE0A5A8EaCF042cA80298AdD6f2,21,6
0xb1D41f9E8D4C44Fb47e828c2AC728cd15353121b,22,4
0x603Fd90a27985bc30AA2EddB67e7eAE2fce48f4C,23,8
0xA970fA27e02A61D9Ee6Eb311cce7B8D2bDc6AB50,24,9
0xAe196822d2061efE45a8484EE98286351D944a51,25,5
0x72150646B4006332652F2a8c85C9Ec3815901329,26,8
0xA8518a2cCDfe353844F2fB553B90D8E8A740b347,27,8
0xdB478E8F7DB97D1385b1FB5170A84Bc7de94AadA,28,6
0x42fb27a00aC4dbD01B2CDe886126Ee206d9F89a7,29,0
0x8B3F03449c5986c00aA6332470857B106531CEF9,30,5
0x51925935D5cab8F2303e979024A3e998379E62E9,31,2
0xA624d23acb2BcB56f792AB06fdeb3180566512b7,32,1
0x91069286728A16fB0c2fE0e29EA56e253e69Eb01,33,1
0x4C2d0F9080b4D3299EF51F8684641024522f4549,34,6
0xc300121088d4a71F5a0564Da280b5D8defa21EA5,35,9
0x850FFe453d4C6689b7932b405Bf6Cd435456CE77,36,5
0x9a2f392F39155DD9E39b91C224b3d9FC4897147b,37,1
0x91069286728A16fB0c2fE0e29EA56e253e69Eb01,38,8
0x570b86aC7E3cB18A1bc9506F6Ecb7fF724D284fa,39,6
0x5e7DbB835DEcD32bD1F265F3caA0444982D0Ec3E,40,1
0xecCE99b4b41a8b27dC280cFB2ee5a55ebCB861Ba,41,1
0xa8f7942E4BE9C32Ae7ea3c830E517e53EdCFbb61,42,2
0x570b86aC7E3cB18A1bc9506F6Ecb7fF724D284fa,43,1
0x17f9C6E2cca389e42553C00438f2224C0245b100,44,1
0x9f3548946850e17655F76A031C7d602202D8F51a,45,3
0x5ff56AbC3198E3d080a90e731Cbf55B4d7526831,46,3
0x570b86aC7E3cB18A1bc9506F6Ecb7fF724D284fa,47,7
0xA26aF2851372264B5eD1A481b2a28EbEE26cf6f0,48,6
0x51870B0D0de52CA72f3cB74389C994802B6b93a3,49,1
0x196D2a24323eDa8eD674cEB2CC10a4ec00c783fd,50,6
0xf3b059c887172f2cc52b5e77EE3b2C8B3A32E6eF,51,0
0x12D42e79d07ab6273e1eef2CC19604391d707804,52,5
0xeFdE9508B39852f141Ca43fF906f18923FF61A9f,53,5
0x64eaccB62A35Eb791cF79a2beC40e902dD99902c,54,5
0x1FA4D89f1d044dCa763610F30E51AAda92C6c38c,55,4
0xF7a2F0978d9875Df33E44F4d4A8dD2D4566Fa8cF,56,4
0xe223c05FA8C4c010d97649aD24009c722F0B3ee3,57,2
0x1aB89De00F039d9De0E17cd1F1A5E7372C475aC3,58,5
0x2FBc45b6575767B4900D24cB18523Ffd2A3f6152,59,8
0x59498B560F0f8504Bb9AE691EAF4D2E585336D18,60,7
0xa73b4e9fdB35C2288f8aD5f031855c6f498C179A,61,1
0x1aB89De00F039d9De0E17cd1F1A5E7372C475aC3,62,4
0x663fEB7Ecd4650DD662E7f7142b2Eb970029B3b7,63,4
0xaFAA188Ba59D8b7950C6B287Bb11E77759da714A,64,6
0x1aB89De00F039d9De0E17cd1F1A5E7372C475aC3,65,9
0xEB4eeC4e1946F0Ef984B09c594aF08668b7239c7,66,2
0xEB4eeC4e1946F0Ef984B09c594aF08668b7239c7,67,4
0xa70eB3C073d4dDC52CA0546c072e4D2f6ee21582,68,0
0x7f3cd5Da54b7Aaf26Fe2EeCDbc394BD4d05B5226,69,0
0x7dc176230352dBd6211732b8ee9fAb14CDbBA549,70,6
0x32e44eC6f92895de2D72ccEA4b9A820d5280edEe,71,0
0x32e44eC6f92895de2D72ccEA4b9A820d5280edEe,72,2
0xE06c8E73834F8a82900fc093F8dcdA1c59bbDCA7,73,4
0x492b30e7B576aC749F2A398BC31F08d8436Ba504,74,1
0xB388233Fc7f3391C41392545bccf0909E5cf4b41,75,0
0x98B2690c6A98669B53f99Ad80C0eEd08a641707C,76,6
0xB25704c5Ea00E3FC297008313a44ac53b9F70bC0,77,0
0x384cE5A3eE0647183f0ABE96952839eDa9faE72F,78,9
0xA2e4694FA18429E593c1CDF7187571dd239d1959,79,2
0x1c6Da3AF338facB46c782051259ceAF8D739016d,80,9
0xFB0f5755DC920416b486752423c572451af72AEd,81,6
0x3D9f7163654541B7Da4915D3C0F600b00BF4099D,82,9
0x31d0e99CAd9F8C9088C2C749342C13b8CecC8829,83,5
0x935156Ec1744f201EA52db50CCA6b6B3930eDA13,84,2
0x3A6A9165BFC2d8ae155d972594F246FEd98B0ff5,85,4
0xF521dD46c9b24B8A2352402697FD0Cd581EC5F64,86,5
0x11488E87F9025C73bbdD7ac34f71e6355aF04953,87,6
0xDA1eaa6D6BA271B1FB9e5d014FdBff6326d26aF6,88,3
0x7a1671067ad16fba6B2414FfADb2E158DBB0c935,89,2
0x0031063bC6Bd13B50fb45D9360C7a094108318c3,90,6
0x5A6aC5D798B0B4963290E80E1CDc132b28576b00,91,5
0x7F2C67895Eeb9EB99f4d3F4ca7907E61fed738cc,92,2
0x7694E0D4bcE5915e50185bB7E9809Ea544793Df2,93,2
0x660255Af9Aa0300BB168DCe9Db30A7Baaa88C751,94,8
0xD1Be0d7De9CB6cB1184a80b237AC9Ceb403D3752,95,3
0x7C21Cef44c73e056D1C33c3EC0E62C5B06BD7d72,96,1
0x7B177325DC386A68AA155b47416eDAb27A20D684,97,7
0x571d05Feb04da207F8efbC0EC4AB756689812Be8,98,7
0xA7Ab889299C17119A45Bb8BDDba851c694516aC6,99,0
0x7878c4d495590caD57C76091B600f5491bE6b949,100,0
0x8AAA8E6494B13116AD65168283EC5269479611Ff,101,9
0x570b86aC7E3cB18A1bc9506F6Ecb7fF724D284fa,102,7
0x570b86aC7E3cB18A1bc9506F6Ecb7fF724D284fa,103,1
0xdFC30c075019Bb671d60D84242d814f3cdf8d76E,104,4
0x8AAA8E6494B13116AD65168283EC5269479611Ff,105,1
0xa2FF3E1070bBede9E631B98a79F4996bAbE3C395,106,3
0x5a61dd9A663a868144660F5fB7Dc8dB68F0500Fb,107,3
0x393b5505807dCe9f57ED9e285317e15fF0C622A9,108,6
0x2e7735AdB640c4A1f6C72657c66FbD892D487d5D,109,7
0xE33e4EfDe8df32601EB1fEe1F26F55752EFf757C,110,1
0x1FF1E4aF2a215ccb51616F323a4a9f95299a6981,111,4
0x51D2bF026Fde1Ce087c178d9cE3F91FdEbF054E6,112,0
0x38A564A38Be5DFb6eF2AB765dA1e4397d03C2D62,113,0
0x88DD10A5BceCBa71f2493cB261b181f57943040d,114,7
0x1565f3Be9881C204F470796Ad29d7eEAe8Ab7086,115,3
0xeeDE9ACD5BbCd64915078323BDA6216dfb6565ef,116,4
0xeeDE9ACD5BbCd64915078323BDA6216dfb6565ef,117,6
0xeeDE9ACD5BbCd64915078323BDA6216dfb6565ef,118,7
0x6198e868B887Dd2dB6daEe42eE49154A8ac5B754,119,2
0x6198e868B887Dd2dB6daEe42eE49154A8ac5B754,120,0
0x49D522712D2786b56680Cc69f5B5b4d4f541b0A4,121,9
0xDE79fA44e6A37F437b2DC74E81e3958ABe9f000F,122,3
0xF87AAFaA01f252d50929c28575f76e3fDd7613C3,123,0
0xc1D9c776Ef4BA56026bB47F16e36C6A4bdAB7d9E,124,3
0xCf1Dd26aE52bD6c0388a105e42Fe8Ea069725F29,125,4
0x9fF12D0Aa891B40D1A999A781FBa8e796885D791,126,6
0xc2C74D156DC2f614416D70541A59100e3fbFC4fF,127,3
0xEB189E872D3FD10801A535254EcDEe37a3aF61db,128,8
0xd7464f6283D4Be6D86E75f7EE9ae3240bBd18Be0,129,2
0xd7464f6283D4Be6D86E75f7EE9ae3240bBd18Be0,130,5
0x660255Af9Aa0300BB168DCe9Db30A7Baaa88C751,131,5
0x8cB1F920e437791A97443cC81b62476120D30e40,132,0
0x491fFC953E1aB2751817ff90A5f32694a4841474,133,6
0x33b0784543F5A2Ab6380D02ae3233D18127905F3,134,4
0x33b0784543F5A2Ab6380D02ae3233D18127905F3,135,6
0x33b0784543F5A2Ab6380D02ae3233D18127905F3,136,0
0x491fFC953E1aB2751817ff90A5f32694a4841474,137,0
0x33b0784543F5A2Ab6380D02ae3233D18127905F3,138,0
0xeeDE9ACD5BbCd64915078323BDA6216dfb6565ef,139,4
0x33b0784543F5A2Ab6380D02ae3233D18127905F3,140,8
0xeeDE9ACD5BbCd64915078323BDA6216dfb6565ef,141,8
0xeeDE9ACD5BbCd64915078323BDA6216dfb6565ef,142,6
0xeeDE9ACD5BbCd64915078323BDA6216dfb6565ef,143,5
0xeeDE9ACD5BbCd64915078323BDA6216dfb6565ef,144,1
0xeeDE9ACD5BbCd64915078323BDA6216dfb6565ef,145,0
0xeeDE9ACD5BbCd64915078323BDA6216dfb6565ef,146,6
0xeeDE9ACD5BbCd64915078323BDA6216dfb6565ef,147,6
0xeeDE9ACD5BbCd64915078323BDA6216dfb6565ef,148,5
0xeeDE9ACD5BbCd64915078323BDA6216dfb6565ef,149,4
0xeeDE9ACD5BbCd64915078323BDA6216dfb6565ef,150,7
0x817A322D652Ad609986c56EeBD3375fb9F0462A2,151,5
0xB5462e14432E27A63CDA06Cf7a0595Bfed600AA1,152,0
0x0D8d78700E23E82b280f57Db10c26b2fF51Cd8cD,153,7
0xeeDE9ACD5BbCd64915078323BDA6216dfb6565ef,154,7
0xeeDE9ACD5BbCd64915078323BDA6216dfb6565ef,155,5
0xeeDE9ACD5BbCd64915078323BDA6216dfb6565ef,156,0
0x10495E143d79296d5222497b7245294dc9e2D596,157,5
0xeeDE9ACD5BbCd64915078323BDA6216dfb6565ef,158,9
0xeeDE9ACD5BbCd64915078323BDA6216dfb6565ef,159,7
0xeeDE9ACD5BbCd64915078323BDA6216dfb6565ef,160,7
0xeeDE9ACD5BbCd64915078323BDA6216dfb6565ef,161,5
0xFf672B72F6A14ed06d49cD728c30FdbCAa077240,162,1
0x3F0B9498Af4f998E50C4fDE74948029551cda3Af,163,9
0x560A9288Ed8192Db3368682551b3bCB67A402DAe,164,7
0x1397D30BB0DcE8030FFEfC78E1E5D71eA62A52Be,165,5
0xfEC62b5ECdbe31d6309A4410A9ba85BD81A494Ec,166,0
0xa4854578871297797aFd2dDD0F2fA69FC01e72eA,167,5
0xa498b00A4A61C684Ee895203Bb93eBBF5C6da000,168,0
0x570b86aC7E3cB18A1bc9506F6Ecb7fF724D284fa,169,6
0xF8EA66ADA33511b8D78110C5b3dF248ED22baE3c,170,9
0x739dC8f3045F6ad394C62ED3Ef043E8cE1ae2E1b,171,3
0x570b86aC7E3cB18A1bc9506F6Ecb7fF724D284fa,172,6
0xe9D302C300D092379d8d7F5702c18bF1859f9231,173,5
0x0031063bC6Bd13B50fb45D9360C7a094108318c3,174,1
0x05CCa6ff180c7F8039060424dD6eE51dB7619b75,175,3
0x0031063bC6Bd13B50fb45D9360C7a094108318c3,176,8
0x87eFf1A349a6F257Ce2c80eed0DAd58899666e5c,177,9
0x0f8A780277409af1d86d5fC8FD605bb1692ef18C,178,7
0x87eFf1A349a6F257Ce2c80eed0DAd58899666e5c,179,9
0xfcd65b6f7B33bE781aB6881D5F4ec83fe4Fd9d02,180,3
0x87c5466b23a3fFe856E629Bb1C4A3b0eA87ef536,181,8
0x0031063bC6Bd13B50fb45D9360C7a094108318c3,182,2
0xCCc2e93A9a54C0e913FA7BD30c1F74A4db85175c,183,3
0xDa610b7CeF2285B7B81cb605538Bc3F83999b2cE,184,0
0xc46CfFA1Df8C8192ae6C77Fc695768C9521E0B85,185,9
0xFCa9fC919065c1d12BFF2e0c007595AB8bCCe8aD,186,1
0xe223c05FA8C4c010d97649aD24009c722F0B3ee3,187,3
0xB97e1a86A0C2D2F6AEecbFe61487B7F29BD13f44,188,8
0x00213221fa458f995d2131127369694494F49B79,189,4
0x40EaeAbcB854611162e948F8cc5863806F9Abf9f,190,1
0x88DD10A5BceCBa71f2493cB261b181f57943040d,191,9
0x06911C684D2E48a4228F0eD0EF83ea8614e83c02,192,8
0xE0aeD5f5ea5AD990E6F8F2c1b3dBaA49E367CfC4,193,4
0x88829b6cFbd56148DBc170C11ff935DEB76EB55C,194,8
0x0D8d78700E23E82b280f57Db10c26b2fF51Cd8cD,195,6
0x506e211e2597e7697309A532cB6227a0b559032B,196,8
0xfC83192a4047247462C36e5823990688Ace93FE3,197,3
0x4D3D9B456f36742a2027BE1a5f941bbB1fd2640a,198,6
0x48BD7f6658A7098B83b51b1b6E7A509e382D8aCf,199,0
0x48BD7f6658A7098B83b51b1b6E7A509e382D8aCf,200,4
0x3A0884449E50A524E4fB7676dEa4e06A7E0F4159,201,7
0x71f0027185FcEE1AD585D6CeAA0a92d2Ab0095Bc,202,3
0xd90485a3c4e7c6d4b473d102C0633Eb9038c7ca9,203,6
0x491fFC953E1aB2751817ff90A5f32694a4841474,204,9
0xaf1C56ABb73ce0C13cCeE81b59479A5D0177eaB9,205,1
0x3B6322E83E20398C3F7126c4Cfea2aCD1c429eAd,206,2
0xEf43305F6B7ED2AB3D230255A8958bc5fdCc2B42,207,7
0x82e8Ab88a4dc65098CfFFD9B58bCc3556A62766A,208,1
0xd4B55182f943c84FB3156b2e8B4711EC7c796DB1,209,4
0xcB15D1bE0C5eaA4D25b979A598Ba8E1398753fB9,210,7
0xc2C74D156DC2f614416D70541A59100e3fbFC4fF,211,5
0xc2C74D156DC2f614416D70541A59100e3fbFC4fF,212,5
0xc2C74D156DC2f614416D70541A59100e3fbFC4fF,213,1
0xc2C74D156DC2f614416D70541A59100e3fbFC4fF,214,2
0x0031063bC6Bd13B50fb45D9360C7a094108318c3,215,3
0xc2C74D156DC2f614416D70541A59100e3fbFC4fF,216,7
0xEC8AFF769B4995a5dB62C26212Ca612f0914Af2f,217,5
0xc2C74D156DC2f614416D70541A59100e3fbFC4fF,218,5
0x0C61b5c72aDFeffA73857B54b9177561Dd297AAc,219,0
0x8e1dFeb00c819B4D3b47cCBD97B248DC9F59cA8E,220,3
0xc2C74D156DC2f614416D70541A59100e3fbFC4fF,221,1
0xc2C74D156DC2f614416D70541A59100e3fbFC4fF,222,3
0xc2C74D156DC2f614416D70541A59100e3fbFC4fF,223,9
0xc2C74D156DC2f614416D70541A59100e3fbFC4fF,224,3
0xc2C74D156DC2f614416D70541A59100e3fbFC4fF,225,0
0xc2C74D156DC2f614416D70541A59100e3fbFC4fF,226,6
0xc2C74D156DC2f614416D70541A59100e3fbFC4fF,227,0
0xc2C74D156DC2f614416D70541A59100e3fbFC4fF,228,7
0xc2C74D156DC2f614416D70541A59100e3fbFC4fF,229,1
0x0424e057c2D0bC7e58C75975AAF38BF1e598cd49,230,3
0xc2C74D156DC2f614416D70541A59100e3fbFC4fF,231,1
0xc2C74D156DC2f614416D70541A59100e3fbFC4fF,232,4
0xc2C74D156DC2f614416D70541A59100e3fbFC4fF,233,1
0xc2C74D156DC2f614416D70541A59100e3fbFC4fF,234,7
0x86c16F44BC75851a9E2E16e28366aDD78169fEA9,235,6
0x44f5C4F7b152eC27D91bfd5856efD76804b3090a,236,3
0xc2C74D156DC2f614416D70541A59100e3fbFC4fF,237,2
0x2e1183b6c81068eB13B26Bf281908E4e5755F9bB,238,7
0xc2C74D156DC2f614416D70541A59100e3fbFC4fF,239,0
0xf83719280BA7f4b1e390bb1524ad42b427c80F4E,240,2
0x9fF38Bebb8dC4F13cC5126083FA76aDbce4760F7,241,4
0xeeDE9ACD5BbCd64915078323BDA6216dfb6565ef,242,5
0xeeDE9ACD5BbCd64915078323BDA6216dfb6565ef,243,0
0x5c28c2A0B9f40ae709Ac91B84e053E8B1a72b59e,244,9
0xcC6B4266Cd8C3FE9f50c48b5609339fbD0E7cD91,245,5
0x5B8A42Fc0C151Aa7f4F764B805AbEa1fC3516921,246,8
0xc2C74D156DC2f614416D70541A59100e3fbFC4fF,247,3
0x0b818Dc9d41732617DFC5BC8DfF03daC632780E1,248,8
0xc2C74D156DC2f614416D70541A59100e3fbFC4fF,249,6
0xF89Be7F8e9b3e5bdE7C17781C6b0263e1b76ccDF,250,2
0xc2C74D156DC2f614416D70541A59100e3fbFC4fF,251,2
0xb92c55DB9f5EdD46423980Fbe7fDB9948fAF5b57,252,6
0x601369034Ec86192bFB3ca6EcAc95a9C74729C9B,253,5
0xDa610b7CeF2285B7B81cb605538Bc3F83999b2cE,254,2
0xA4a2B766c4BCb4949EBdb584542bfc039C7F8F58,255,5
0xdcA8815Ab3702C94f4918C5f709A349AFbb435AB,256,8
0x817A322D652Ad609986c56EeBD3375fb9F0462A2,257,0
0xA4b5741B8f0Eaac20fdeab43f345c4cA1cC4A833,258,3
0xecCE99b4b41a8b27dC280cFB2ee5a55ebCB861Ba,259,7
0x0Aba0b05a51CfA00d7b7bF2f8793AE052779df78,260,4
0xDB8601eF0ED92332dE606cF535fEfF9c88cfbeE0,261,9
0x6198e868B887Dd2dB6daEe42eE49154A8ac5B754,262,3
0xEFC16955C8D011561d91C1d8DF7cD27CeAd924e4,263,9
0xDB8601eF0ED92332dE606cF535fEfF9c88cfbeE0,264,6
0x660255Af9Aa0300BB168DCe9Db30A7Baaa88C751,265,4
0x7ee3f64b21C818c56D652e5C12D66976AE7D14cb,266,5
0xD2376448Ae86BD4b9B518d0978f49DbE76e37940,267,7
0x011fE20fa35158930f52728FC36e56c9C76eb295,268,1
0x3A0884449E50A524E4fB7676dEa4e06A7E0F4159,269,8
0x0B8170AbC9822b5BeE50c1E4c8eA7157a827Edc7,270,9
0xcFE8cE9EecE778b1f71555b56f7FCD68B17226A4,271,1
0xc2C74D156DC2f614416D70541A59100e3fbFC4fF,272,4
0xc2C74D156DC2f614416D70541A59100e3fbFC4fF,273,8
0x570b86aC7E3cB18A1bc9506F6Ecb7fF724D284fa,274,4
0xc2C74D156DC2f614416D70541A59100e3fbFC4fF,275,2
0x570b86aC7E3cB18A1bc9506F6Ecb7fF724D284fa,276,5
0xc2C74D156DC2f614416D70541A59100e3fbFC4fF,277,7
0xCbE80A330F5221ac28392933BdeE65f1F2dAb834,278,6
0x3D9f7163654541B7Da4915D3C0F600b00BF4099D,279,2
0x50495946033EcBC8699c526cd8A5F9C6E420c0d6,280,7
0xc2C74D156DC2f614416D70541A59100e3fbFC4fF,281,9
0xc2C74D156DC2f614416D70541A59100e3fbFC4fF,282,4
0xc19Eb01146f12a75af1e33Bc9b076cBf969c604f,283,4
0xd9d16e8A05fa950e2362319cD3efe94016CB13D5,284,9
0xd9d16e8A05fa950e2362319cD3efe94016CB13D5,285,1
0xd9d16e8A05fa950e2362319cD3efe94016CB13D5,286,7
0x7DD917132cED21E99417DE2991176bA8F9A09B55,287,7
0x371BB5c8E7Ae7c33Ae22776efEA896838FCFC9E2,288,4
0x48adA178BDFFBB0Fd53210dcbc6d074d00f87B5E,289,3
0xa2aAAEe87859A7d765D8439419534Adea18BBb87,290,1
0x95785dDB6b7C2069520a547BDa324359600Fee01,291,7
0x863929dF84e4179848Bf5834bf7e02F0eB6439b2,292,2
0x1cb4948839EeA8002bb617946feA5B1825b22C07,293,8
0x7624066e1F83954dbe80c14182E6920d084B308c,294,5
0xb9697473d8e8b77B51120c3150FD36cb0E6307Ba,295,9
0x72150646B4006332652F2a8c85C9Ec3815901329,296,3
0xeFdE9508B39852f141Ca43fF906f18923FF61A9f,297,8
0x6AF30bD35E0278aBD972fe39bA69A1aF99D5E2E7,298,3
0x6516DEDe38F2E0791FeFD07c2E550dF3C87E10eE,299,7
0x0E210A1C804E124C91F36a5226D2994f2adBea41,300,7
0x0E210A1C804E124C91F36a5226D2994f2adBea41,301,1
0x91069286728A16fB0c2fE0e29EA56e253e69Eb01,302,7
0x682f15c5f9128C5e7396F314Bd3fc637Fd8bee7E,303,4
0xdcA8815Ab3702C94f4918C5f709A349AFbb435AB,304,3
0x50DD38c73B0F22D31Fc3C2aBb026858AB0c4b2d2,305,1
0x7b1387983d695b5484c11cDE5240dceC112b5F7A,306,8
0xcEb4A8BFb9BF960dB32eAfaa5e1dC6B8284bE1E5,307,0
0x66D928B9a886C851410Ac797806630a3A5773739,308,4
0x90551e9E1Cb0c28AA6A9E99878B52d701Cf51553,309,3
0x67a5Ab0aef8e6B3B2aE4ba1d514c2CCce2CA6E56,310,6
0xe3557583Bdfc12EaF28b9F2d9607e2Ccd05b24b1,311,1
0x0E210A1C804E124C91F36a5226D2994f2adBea41,312,3
0xc370105EEC95D641322d285bdAC5015E8B90Ec98,313,6
0xBead14390863D5F5E3b57fA099c60aAeCc3774dD,314,1
0xD3Cf6020659CFcCb5eF1B7AD010649c6303d617e,315,7
0x757056E3AB3C65c6c8c710F7E6F9A8327Cc6bae7,316,3
0x4E8d623832e7741CBE72Fa1481FbbE80E48c8894,317,6
0xE6B1e0460A0d1Dc4Be8A8d77b622ddF01bae8b19,318,3
0xE57D8a8047E6643Bd546cA9C7666d637D9Bc1996,319,2
0xDE79fA44e6A37F437b2DC74E81e3958ABe9f000F,320,6
0xa4854578871297797aFd2dDD0F2fA69FC01e72eA,321,1
0xa4854578871297797aFd2dDD0F2fA69FC01e72eA,322,9
0xbB63203FA253B667F1d8D591954F5a14ba5613E2,323,0
0x0E210A1C804E124C91F36a5226D2994f2adBea41,324,4
0x0E210A1C804E124C91F36a5226D2994f2adBea41,325,0
0x23038B2BeccAe773D9b830dDE765EBDEB0249fBA,326,8
0xA6CcFDA51641D5CcE7F2B376Ca29FaEf8abdC0D1,327,9
0x9825e2BC2D3ac081DBe3D02a2eA1cC015E0137DB,328,1
0x3bC6993D741D5Bd84712e358FDEc21a9Da393a69,329,2
0x5B81f894e5B0D3B7361DEFa454F50736C2aDD7eF,330,6
0x7a7B486Ff3e062F6D8a5568CF39B8c281f25C798,331,5
0x07acd0ff6031800f3624f994535DEA410eF97174,332,5
0x18f825e6f43437c312dcABd367347526D3309557,333,5
0x04d5a78E43E2cE0F8c1C0E00f542342F2bDc193f,334,0
0x5223f3363017fEAdf7e146c31b9148692fD25c2e,335,4
0x1E86B0b93F2098f3A43BcA4b8FB2bD3f468F49D8,336,0
0x4af47588C31618bAb444C9a8F285c676595BE649,337,0
0xEE889769F463e00a4fE642B78A191245127cBbbC,338,5
0xa4854578871297797aFd2dDD0F2fA69FC01e72eA,339,0
0x9eddbf9a23F831AdB4628C6913635951D1b17072,340,9
0xf47f7501a5A5221f5E4d7C6078e377d5BAb08277,341,2
0x48F19a709E5De7297Ff514D7d4115E579D946015,342,4
0x08b35d6cffFF52e3D619140Ad88ED43d9C6e66D8,343,4
0xd51D49A1a67AB4ED75825D1F8a99b1c794e4A164,344,5
0x259d148468bc7c7d9dB54b57B6F4B80F53e4537f,345,4
0x48adA178BDFFBB0Fd53210dcbc6d074d00f87B5E,346,0
0x016F17DC99e1fCbE08e6bF62A42f632340611b36,347,5
0xE65ef515aDc3fd724C326aDF8212B4284FD10137,348,0
0xA87e7535e6Aa294C69B4DdB85AD5D0d743ab0aFD,349,6
0xA87e7535e6Aa294C69B4DdB85AD5D0d743ab0aFD,350,4
0xa4854578871297797aFd2dDD0F2fA69FC01e72eA,351,3
0x42Dac4c72EEe97baeE3bBacc7102790a7a1800Ee,352,5
0xD6777E42b99e549D2bE9B0d38775EE044e42D0A0,353,7
0xD7BC0ED023e71ffc6426a2bE6B89bA4Ff9e33478,354,0
0xfAA8dcc827153B8A4B70B109e6489992cD19103f,355,3
0x31E78bB913861cA8Cc944E5D6cA246d077c2fAA0,356,1
0x129DdF9c3958D5ae6A5A61a40110bEB8D7ca8E7d,357,8
0xd3dE1f8Aa8e9Cf7133Bb65f4555F8f09cFCB7473,358,2
0xd4764115d27692d1FbF956b94C5893dd35862E7B,359,5
0x6E95D086E76A5F6f0aBA6d48645AE1DeFfB17DC1,360,8
0x51D2bF026Fde1Ce087c178d9cE3F91FdEbF054E6,361,4
0x9b50f750Dc4Eb597Fd5BB0B8C435D734782368fE,362,8
0x926A24a80785e7A57F38b0B8Aed9f73500659F4A,363,5
0xA624d23acb2BcB56f792AB06fdeb3180566512b7,364,4
0x95785dDB6b7C2069520a547BDa324359600Fee01,365,1
0xa4854578871297797aFd2dDD0F2fA69FC01e72eA,366,6
0x0535bE3f20DC2Bd4cd772F1454631C3b780497F1,367,7
0xC205fb65AB4c6913f558c3d530b734E9404b8bfe,368,4
0xb5603Fab7710ad24DDF3a58aB27d0584b1f23e2b,369,6
0xbbA17E3E501d91b9023AC4c1EEd11002bA0CC08d,370,6
0xE6B1e0460A0d1Dc4Be8A8d77b622ddF01bae8b19,371,1
0x471E675bfd8cC2dfCF3D3A671Edc67aa4f2Cd4CA,372,7
0x9f6c0E6E43EA7c8547F43c1966595c521b495eD7,373,8
0x7406b16A29cddA932AAD191ec5Fa06625A8Ef8c9,374,0
0xd76bB40d855dece19de5D84a6a42a07F2B82fe72,375,2
0x288A4e70Eba5d4f92e28F8CCc561E9fC947304A1,376,7
0x42Dac4c72EEe97baeE3bBacc7102790a7a1800Ee,377,2
0x6029Bfd00e0B53b848E85F1eD5649dCa71E0e8b7,378,2
0xFB0f5755DC920416b486752423c572451af72AEd,379,8
0x998Ee9f2e4537330D2139a03f15D35508682a52a,380,5
0x9825e2BC2D3ac081DBe3D02a2eA1cC015E0137DB,381,2
0x451cFBe715CCE467B201c68D411b75Fe7032E308,382,1
0xB39EA113ceC3325a026EC872272636FA5F634C00,383,1
0xcDFceBe53778aA6daFB6adc1EB3f896B9fa34402,384,5
0xf2EfC7b78168abC6A5be99e5624c64f2499d91fC,385,5
0x8c7245d8aF2D7554D1b2eA2F58C153501C950F4B,386,6
0x71e85d598326A56fF57A52f1A8C4af34269a99f9,387,9
0xE5E15807C1F0019Ce6c8988CB1F6f97B58565890,388,1
0xDD7E32d677733E2995B28C6a4Ae8be4A4830F8E6,389,7
0x9eddbf9a23F831AdB4628C6913635951D1b17072,390,7
0x998Ee9f2e4537330D2139a03f15D35508682a52a,391,9
0x5B8A42Fc0C151Aa7f4F764B805AbEa1fC3516921,392,1
0xc3D95D9a3Be50DbEF7fE71EcA68eB7674ebf3aA8,393,3
0xd90485a3c4e7c6d4b473d102C0633Eb9038c7ca9,394,6
0xa499647E22c9b2F6d5597b217E2D9EFF2289D1F3,395,0
0xDf73dBE9020FD06e52644f4bBc8eD449Db29aBd2,396,0
0xcff6c7eEC2d3Feb3988f8713cbcAc4beDc77F426,397,5
0x9ed52114a963f2f97B3f0CAa72BFF0963F806108,398,1
0x5223f3363017fEAdf7e146c31b9148692fD25c2e,399,4
0xEC8AFF769B4995a5dB62C26212Ca612f0914Af2f,400,6
0xe2F62DfeF10aC98830c9cD29EE240B18aEEB803c,401,2
0x4c2cE247470Cd25F4BC32D87722015db34E7A429,402,2
0xDf73dBE9020FD06e52644f4bBc8eD449Db29aBd2,403,6
0x48adA178BDFFBB0Fd53210dcbc6d074d00f87B5E,404,3
0x72D1BEFB45C38e2c137FA30c5e222CCD3629c110,405,9
0xf83719280BA7f4b1e390bb1524ad42b427c80F4E,406,3
0xFe7139aD41Ff17BBf650E4f3aB4a901ca7b6f461,407,1
0x1a794F677A336976dB0A8Bc5Cc54A6Ed969205ed,408,6
0xFe7139aD41Ff17BBf650E4f3aB4a901ca7b6f461,409,0
0xb353D1ef1668c77772Ac26058D7f7ab58ddD39Df,410,0
0xbB4a8416079d1854b1591e6B87D680F85d9c7d8b,411,0
0x1663dc36f66a38f3D3a61F66Fa2618AC72054669,412,0
0x48adA178BDFFBB0Fd53210dcbc6d074d00f87B5E,413,1
0xd8068f813c45C88CEBb02cBC0F91F95626Ec9a34,414,0
0x9e51af065cB9a96E48d5E9aFe5A1163A7a9bd992,415,8
0xf83719280BA7f4b1e390bb1524ad42b427c80F4E,416,2
0xFe7139aD41Ff17BBf650E4f3aB4a901ca7b6f461,417,9
0xd9390b46a1749DEe5325A490490491db9a826D1F,418,6
0x25ACC8B6c717A7b56F98f6a1ff57eEB6fF409a5F,419,5
0x888D254882756A9fa099d833FfEe771678691FdE,420,8
0x86c16F44BC75851a9E2E16e28366aDD78169fEA9,421,4
0x3e38185CB72A12E91a1B8dB8eAeaB2fc928231bB,422,7
0x0829CA409fc92Ac16A9749033cCcFD094bDA2bBf,423,4
0x12a38c1754051093FBa9AB98326EC46Fd0e9547e,424,8
0x72D1BEFB45C38e2c137FA30c5e222CCD3629c110,425,3
0x72D1BEFB45C38e2c137FA30c5e222CCD3629c110,426,0
0x72D1BEFB45C38e2c137FA30c5e222CCD3629c110,427,0
0xcFE8cE9EecE778b1f71555b56f7FCD68B17226A4,428,5
0x72D1BEFB45C38e2c137FA30c5e222CCD3629c110,429,7
0x72D1BEFB45C38e2c137FA30c5e222CCD3629c110,430,3
0x72D1BEFB45C38e2c137FA30c5e222CCD3629c110,431,4
0x72D1BEFB45C38e2c137FA30c5e222CCD3629c110,432,8
0x054c3f238FD1530de48eDd9BF88bbF66f4Ae4981,433,4
0xF4b0d517f671A01dc90dFBA3c4402B117b0A7ADd,434,5
0x72D1BEFB45C38e2c137FA30c5e222CCD3629c110,435,6
0x20a53930f8C16700c5Da9cD94dbfbB6aE34b23B7,436,1
0xbB63203FA253B667F1d8D591954F5a14ba5613E2,437,3
0x474b02bEdB8a12C3c3E41E605648D8EF4a39196c,438,7
0xdcA8815Ab3702C94f4918C5f709A349AFbb435AB,439,8
0x888D254882756A9fa099d833FfEe771678691FdE,440,6
0x30AA811649E7a6781a1E7f6c241885C0b655C22a,441,7
0x837Ba81662500bfBBF926a6967df6Fac60253B04,442,4
0x86c16F44BC75851a9E2E16e28366aDD78169fEA9,443,5
0x53514C6D4F12ed9E8C2ebCaF78B2C03daCdddd67,444,9
0xC5274bf2E8D54210989e5859C3DD98F8Ef008AE5,445,6
0x9d634e6bd5eDC906b39Dfe216745DAe73Cbf90dB,446,8
0xd4764115d27692d1FbF956b94C5893dd35862E7B,447,3
0x96Fb567ef48bFFDD95167821aC442bB95eD72006,448,6
0x250c48a675794aB97469b5C37CCda5f32464Ad3b,449,6
0x4abd7276C53279b3aBFFF2B5D8A47c0AFc84833B,450,6
0x22A87fd18C2816A0363c6e33033f551accE9fDe3,451,7
0x837Ba81662500bfBBF926a6967df6Fac60253B04,452,8
0x88340aEa8c5B5C9e1dAd0685AEEAeDF366B7e627,453,8
0x4a1F314b2d51d2f34A3d7265901671C286dD42FC,454,1
0x39Beb34d822c31571081D1B99473a981941E4249,455,0
0x7E661ac52e2578d56EEEC231016c7B4DC0A73B75,456,9
0xb1Eee8d930C9bfaCa2AD5345922D7c37cbbF2d7c,457,4
0x0C619402e57A2b6C93728dF02F2307d504BEe0B3,458,5
0x974b761a01AF04f1e9e7Ef4743450cf581D47F60,459,3
0x91857e7b0d44cc965156d915a275D3Bc3DB9539B,460,1
0xc46CfFA1Df8C8192ae6C77Fc695768C9521E0B85,461,0
0x6271d199AF035Dc791d00feb62FbA4cb5C3D2b31,462,2
0xbFae446a91215BcB0B2c6d0fe1df8286008756bc,463,3
0x60a9506F9c8FBf19f3cC33495dA0411e0a3E4a95,464,2
0x15bAfe82C1dD46a593D43725AC9775A702f1E339,465,3
0xbB63203FA253B667F1d8D591954F5a14ba5613E2,466,0
0xd4764115d27692d1FbF956b94C5893dd35862E7B,467,5
0xeBd612d857e40C38a2241ba6F57414B3F44Df17d,468,6
0xeC4Fa56f6a7d9a0EfB70aB8Da944621FE44E0064,469,2
0x4a1F314b2d51d2f34A3d7265901671C286dD42FC,470,2
0x9ed52114a963f2f97B3f0CAa72BFF0963F806108,471,2
0xeB665a2A0e720C7BF8E4251dda40047cfb81A307,472,3
0xeB665a2A0e720C7BF8E4251dda40047cfb81A307,473,6
0x5223f3363017fEAdf7e146c31b9148692fD25c2e,474,7
0x612D809DA2773F5F2f3656283350653F06F881c4,475,5
0x8e5AEf578D6AeFc0be4eDB2bE5c300E8207e1fEf,476,1
0x6530324444CE64309FDC205b17132DB2879a0670,477,5
0xbbA17E3E501d91b9023AC4c1EEd11002bA0CC08d,478,1
0x32e44eC6f92895de2D72ccEA4b9A820d5280edEe,479,4
0x92811c982c63d3aff70C6c7546a3f6bDE1D6d861,480,2
0x2d4b5B5c8d1980d3f5e5f858F6163ED8B1c5dFaa,481,0
0x36356F3ccA7Ed79557ca1bf891e0B3C68b73B4E3,482,5
0x7F6177245aee1B45590ffA598A641Eb96D2b8B10,483,0
0x31f0f72db2515C6663805973e113d3A064cE1Bf9,484,7
0x381ed019a5EE2eDD5596e2579Cc9ef9ea99940F8,485,0
0xEABec8883fB97826f8C0eea47657eFe2bFeCf38e,486,9
0xDa610b7CeF2285B7B81cb605538Bc3F83999b2cE,487,7
0x60b4eb0eC4B053Dc137D3Bc44Af79B29Dc7315db,488,7
0x5B81aC607d8Df86D994Bd0960c0102F92C6142B9,489,2
0xba8765802198e5c19F2BA8fe9b0dA2B225927AAf,490,2
0x3EA41fbF5Bf237e1C2167b39a3dAE5D5CD199131,491,6
0x54C91a6ccAFE8083DAB1B63d33A67470c9F81676,492,0
0x4be16253DFe338e7fE6A36BC1008f720183c2919,493,8
0x69cE139860Bb9162DC3356d48495Cbf90299F5EF,494,2
0xba8765802198e5c19F2BA8fe9b0dA2B225927AAf,495,3
0x245571a34C7A2Ffe46EfA39549874f26F1D9942B,496,4
0x1E86B0b93F2098f3A43BcA4b8FB2bD3f468F49D8,497,0
0x77e7AC87108c2cC460F27E5c49bFf3202B072beD,498,3
0x10103d79Ac194EB0c4cc75742Bda65C18dFf335b,499,8
0x7dCEbfDd23fF776aFBe6C76Af6Ba18e52f45BF11,500,5
0x49430D9D305dC274fb50e1296Fa489DDa72703d8,501,4
0x5A47BB0b77E045cc68F3Bb0F4B8Ed9514e14587F,502,7
0x54197c8dA6D13D0C3C2e0fb508906Eb9C6A48d5F,503,0
0xD0d9E3505349BC945A414A6EC8fF8bcaDAbF20e3,504,1
0x6C706335e2AE648B084985E14ad5Fb2A11005168,505,3
0x6C706335e2AE648B084985E14ad5Fb2A11005168,506,0
0x6C706335e2AE648B084985E14ad5Fb2A11005168,507,4
0x6C706335e2AE648B084985E14ad5Fb2A11005168,508,1
0x6C706335e2AE648B084985E14ad5Fb2A11005168,509,4
0x6C706335e2AE648B084985E14ad5Fb2A11005168,510,6
0x4abd7276C53279b3aBFFF2B5D8A47c0AFc84833B,511,9
0x4778300FB7068FAC4743Ad6a10880531a8308Ff3,512,3
0x66F02e34Ce51397D9eCEe0bec87E09Ef9d67993e,513,6
0xd199C0E1D97b1a46d787f740E84deb4C62E78cB5,514,4
0x3EA4dC4FaaC530F42bB211f70Bb8aBcf20E1aB90,515,6
0x0F53bEbE3D4C6E1dEBe9aec93B405eFBC280Bae4,516,3
0x90a7fBb9C0f6FD1697038890b4f868884b6EC1ad,517,7
0x50Afa83A702f662a4019a9EEE9cBE4D02b67468D,518,2
0x74a8587391f082d9F90Ae5EcBdf1eD95Edc68AE5,519,6
0x0CD9C76AeA37066F5A069472957C1f8dd4be66f7,520,7
0x6C706335e2AE648B084985E14ad5Fb2A11005168,521,8
0x6C706335e2AE648B084985E14ad5Fb2A11005168,522,3
0x6C706335e2AE648B084985E14ad5Fb2A11005168,523,3
0x6C706335e2AE648B084985E14ad5Fb2A11005168,524,6
0x6C706335e2AE648B084985E14ad5Fb2A11005168,525,4
0x6C706335e2AE648B084985E14ad5Fb2A11005168,526,1
0x6C706335e2AE648B084985E14ad5Fb2A11005168,527,1
0x6C706335e2AE648B084985E14ad5Fb2A11005168,528,9
0x4E613F40Eb6e2b453E68154B448dCc6b68fB79d3,529,3
0x7206332C0c220a151e8a274017051426A6de60c8,530,8
0x5C112C51feDa2856B7abc1BccbDB77e0161Ff89A,531,5
0xd8C92C382678eF5fE1b2101639c94C7f752C110B,532,0
0x3e38185CB72A12E91a1B8dB8eAeaB2fc928231bB,533,4
0xd34d959557FbdE815626AeDd9251F6dcE2EfB156,534,3
0xB9476b313aC6105C5aC32b3DA16bEabF2f917930,535,7
0x3180890ca4651dF2Cc790AEeC7d6174cAE182310,536,9
0x229d214c4dB1294CF93F23649bD4c40f0e73D3D2,537,5
0xA1E8260f024ecA7E571bd09B21d71372FDeb5A21,538,3
0xCF04A885FFd49579445C791788F07b058956A190,539,9
0x39718FD8CA10e9730A25BFc0eFC4781D563e465A,540,6
0x91069286728A16fB0c2fE0e29EA56e253e69Eb01,541,9
0x3Da48C5E033EDC7Dbb3bcC1e68293753c1Ce9cF6,542,9
0xa288b5afD691e7a2F9D032038D44553eedfbBC31,543,5
0x6C706335e2AE648B084985E14ad5Fb2A11005168,544,5
0x6C706335e2AE648B084985E14ad5Fb2A11005168,545,9
0x6C706335e2AE648B084985E14ad5Fb2A11005168,546,9
0x6C706335e2AE648B084985E14ad5Fb2A11005168,547,7
0x9B0ceC1e3BbbFF6B667C7cCF8C78C0898F0ADFc0,548,2
0x6C706335e2AE648B084985E14ad5Fb2A11005168,549,1
0x6C706335e2AE648B084985E14ad5Fb2A11005168,550,7
0x6C706335e2AE648B084985E14ad5Fb2A11005168,551,8
0x6C706335e2AE648B084985E14ad5Fb2A11005168,552,2
0x363868e87c7653Ea7AFBD9e02a0b4DCe57191206,553,2
0xbF8cb33574B663bb832ef14f0657d72D952f5995,554,0
0x1A64eD145A3CFAB3AA3D08721D520B4FD6Cf2Ce2,555,6
0xA0b6d3482C9F984a2Ba790D7EE91c8565383CE6c,556,6
0xA0b6d3482C9F984a2Ba790D7EE91c8565383CE6c,557,3
0x2324E3B00257523Ec799A39eA8eb5E875EbACA3B,558,2
0x2a9A10012Ba8898CBAD892Ed7D8ACC35dDEf422b,559,0
0x4F0De440a4039Be1F2aCC1414b35a2dD7Dda0845,560,3
0x4E613F40Eb6e2b453E68154B448dCc6b68fB79d3,561,6
0x14Fdd851183b8f2cC9430918bE0FE6Db883DDFa4,562,2
0xf3b059c887172f2cc52b5e77EE3b2C8B3A32E6eF,563,5
0xb0812e0006470fE99F71165fC7C1A2312F7b90F2,564,1
0xDd03D487dFEa1E3f3A862fdF32a8E27c9f5fFB6F,565,4
0x6C706335e2AE648B084985E14ad5Fb2A11005168,566,8
0x6C706335e2AE648B084985E14ad5Fb2A11005168,567,0
0x6C706335e2AE648B084985E14ad5Fb2A11005168,568,2
0x6C706335e2AE648B084985E14ad5Fb2A11005168,569,6
0x6C706335e2AE648B084985E14ad5Fb2A11005168,570,9
0x6C706335e2AE648B084985E14ad5Fb2A11005168,571,3
0x6C706335e2AE648B084985E14ad5Fb2A11005168,572,9
0x6C706335e2AE648B084985E14ad5Fb2A11005168,573,4
0xA0b6d3482C9F984a2Ba790D7EE91c8565383CE6c,574,9
0x1F367E135c820B3ED88c16eDb30eF2D508aD1191,575,3
0x2C3E22F9A78DB06988439D1b5372b8d573D40327,576,2
0xaF884fc78e7446e3e11e8E4C7d4e2085B8aAF956,577,3
0x8824b4498df76f681E7aF53E947F0571C2f6941f,578,2
0xe1bc79d65c14914969d387689e3A55c4e9A43a1D,579,7
0x4950Ab279a968016BA1a852C7888B64154D65dd3,580,4
0xeB4D4736e2E9121fd6F010CCf97dbe4A3Ea48746,581,6
0xa499647E22c9b2F6d5597b217E2D9EFF2289D1F3,582,4
0x4950Ab279a968016BA1a852C7888B64154D65dd3,583,5
0x76ff728f2A0A8766f7427B489d9465C52deE2Faf,584,8
0x371BB5c8E7Ae7c33Ae22776efEA896838FCFC9E2,585,9
0x6C706335e2AE648B084985E14ad5Fb2A11005168,586,7
0x6C706335e2AE648B084985E14ad5Fb2A11005168,587,1
0x6C706335e2AE648B084985E14ad5Fb2A11005168,588,8
0x6C706335e2AE648B084985E14ad5Fb2A11005168,589,5
0x6C706335e2AE648B084985E14ad5Fb2A11005168,590,1
0x63931d8e5C04Ad0F67aaFF93be143E2CcFb93922,591,7
0x47589353ddE79ced0B97cf8F685A34657d752C19,592,0
0x9a173ED3eF87a77ce6C11470116FCA3c6ba18Fd4,593,3
0x5c264395Aefc7249a91557Fce8073268Ef287101,594,2
0xBe6AC4a5B61A4bE1aC4Ea473669a24eE5aaE3033,595,8
0x47589353ddE79ced0B97cf8F685A34657d752C19,596,1
0x50495946033EcBC8699c526cd8A5F9C6E420c0d6,597,0
0xaF884fc78e7446e3e11e8E4C7d4e2085B8aAF956,598,0
0x6C706335e2AE648B084985E14ad5Fb2A11005168,599,0
0x6C706335e2AE648B084985E14ad5Fb2A11005168,600,3
0x6C706335e2AE648B084985E14ad5Fb2A11005168,601,9
0x6C706335e2AE648B084985E14ad5Fb2A11005168,602,3
0x6C706335e2AE648B084985E14ad5Fb2A11005168,603,7
0xC09F04f9FBb42cDf1917d37E7Ff84BCf0a38645B,604,1
0x904e6B5A024D99d36d24cf35Ec2e3EB423bd775E,605,7
0x2683850afe34e173E11A379CC1043c141f104034,606,4
0x51F51EB0df06b41C9F9454dc2a50bdB34E18afcB,607,4
0xa4854578871297797aFd2dDD0F2fA69FC01e72eA,608,5
0x84F14f17bc7975D1D359d2A64Be98820e919650b,609,1
0x6C706335e2AE648B084985E14ad5Fb2A11005168,610,9
0x6C706335e2AE648B084985E14ad5Fb2A11005168,611,4
0x6C706335e2AE648B084985E14ad5Fb2A11005168,612,9
0x6C706335e2AE648B084985E14ad5Fb2A11005168,613,8
0x6C706335e2AE648B084985E14ad5Fb2A11005168,614,5
0x6C706335e2AE648B084985E14ad5Fb2A11005168,615,1
0xAECEb942f7147b18c418fa417B3D38faAc43D547,616,3
0x6C706335e2AE648B084985E14ad5Fb2A11005168,617,6
0x6C706335e2AE648B084985E14ad5Fb2A11005168,618,8
0x6C706335e2AE648B084985E14ad5Fb2A11005168,619,0
0x6C706335e2AE648B084985E14ad5Fb2A11005168,620,2
0x6C706335e2AE648B084985E14ad5Fb2A11005168,621,6
0x6C706335e2AE648B084985E14ad5Fb2A11005168,622,4
0x8a32f7CB7BE0CAb44bB35A34930d43EACd928C2f,623,2
0x6C706335e2AE648B084985E14ad5Fb2A11005168,624,8
0x6C706335e2AE648B084985E14ad5Fb2A11005168,625,2
0x6C706335e2AE648B084985E14ad5Fb2A11005168,626,3
0xf47f7501a5A5221f5E4d7C6078e377d5BAb08277,627,6
0x6C706335e2AE648B084985E14ad5Fb2A11005168,628,0
0x6C706335e2AE648B084985E14ad5Fb2A11005168,629,4
0x6C706335e2AE648B084985E14ad5Fb2A11005168,630,7
0x6C706335e2AE648B084985E14ad5Fb2A11005168,631,3
0x4B70b870182F65E43E7413Ec33878015EAb7E7Ff,632,4
0x6C706335e2AE648B084985E14ad5Fb2A11005168,633,2
0x6C706335e2AE648B084985E14ad5Fb2A11005168,634,8
0x6C706335e2AE648B084985E14ad5Fb2A11005168,635,2
0x6C706335e2AE648B084985E14ad5Fb2A11005168,636,3
0x6C706335e2AE648B084985E14ad5Fb2A11005168,637,8
0x6C706335e2AE648B084985E14ad5Fb2A11005168,638,3
0x6C706335e2AE648B084985E14ad5Fb2A11005168,639,8
0x6C706335e2AE648B084985E14ad5Fb2A11005168,640,5
0x6B2b94B69F03f3B3A917778e610F41F1318A5bf0,641,9
0x68b2ee1348cE409492E2C954a62DE887A57ae14A,642,7
0x26B919E7bAa68FcdD53af8bF83023f3f8B2CE0B7,643,7
0x6C706335e2AE648B084985E14ad5Fb2A11005168,644,4
0x6C706335e2AE648B084985E14ad5Fb2A11005168,645,7
0x6C706335e2AE648B084985E14ad5Fb2A11005168,646,7
0x6C706335e2AE648B084985E14ad5Fb2A11005168,647,5
0x4119cFC1Ad24194cC0215a072DB51f53d3d3ecE1,648,5
0x56FD2B05DfF6b5fD770aEcE74B4261eE0169d170,649,4
0x93C33aA10E19437c294553aCc45fE9d372c980e6,650,7
0x837Ba81662500bfBBF926a6967df6Fac60253B04,651,1
0x56FD2B05DfF6b5fD770aEcE74B4261eE0169d170,652,4
0x837Ba81662500bfBBF926a6967df6Fac60253B04,653,0
0x383Ec4dC4ba683d37F618ac387b36dfbFDACB0a7,654,0
0x1Afb347Ba90Dba4B34583228c482dCEdB1381911,655,3
0xe5C7B4166d5cFaa9cAE93048cf683F870Ad4faEb,656,5
0x837Ba81662500bfBBF926a6967df6Fac60253B04,657,2
0x837Ba81662500bfBBF926a6967df6Fac60253B04,658,0
0x6C706335e2AE648B084985E14ad5Fb2A11005168,659,5
0x6C706335e2AE648B084985E14ad5Fb2A11005168,660,0
0x6C706335e2AE648B084985E14ad5Fb2A11005168,661,9
0x6C706335e2AE648B084985E14ad5Fb2A11005168,662,6
0x6C706335e2AE648B084985E14ad5Fb2A11005168,663,1
0x6C706335e2AE648B084985E14ad5Fb2A11005168,664,3
0x0b8B3FCe8221F414588052aC5F5d99BB6795cd6A,665,1
0xe953Ba202bd3E569aA79E52D84ba5d5d650993a8,666,2
0x451c430922727FE3B1a78813e15325f2818F0a5a,667,9
0x69E30734eda3bd02DabB5152122b6438593DcD2c,668,8
0xf788eD6121eF91ED6B5bAC3A6fCF2E9Eb680ae3A,669,4
0x72bA95D9701B0aE496AB4320010a43a764905b1b,670,3
0x72bA95D9701B0aE496AB4320010a43a764905b1b,671,1
0xD8846bC8388E5A9D3dBC69E3958a5Cd1B4f5eBf9,672,8
0xD8846bC8388E5A9D3dBC69E3958a5Cd1B4f5eBf9,673,3
0x3F07912e55E96fb0Fc0cACb38E10be1D58045228,674,6
0x9D83D9584B556f5216B5d8BE6cBb2C32D2522311,675,6
0xb18E3c41FAF4139b89B4EBf1F5eF645A3Ad0eC7f,676,5
0x988236e5A0a27c62124D131c2B8De67189532100,677,4
0xeB9d8758933a21A2b0adF1226f360631184fc898,678,7
0x15bAfe82C1dD46a593D43725AC9775A702f1E339,679,3
0x69E30734eda3bd02DabB5152122b6438593DcD2c,680,0
0x6C706335e2AE648B084985E14ad5Fb2A11005168,681,5
0x6C706335e2AE648B084985E14ad5Fb2A11005168,682,3
0x6C706335e2AE648B084985E14ad5Fb2A11005168,683,8
0x6C706335e2AE648B084985E14ad5Fb2A11005168,684,2
0x8fd58f8ED0cb538E55f588C5DA5F66f8439C72C1,685,7
0x158fe15aF625B86752667827A5F71CbFf04f3167,686,0
0x837Ba81662500bfBBF926a6967df6Fac60253B04,687,1
0xc300121088d4a71F5a0564Da280b5D8defa21EA5,688,2
0xb5D045Ee46F26a6d9de59CcA670D6E8f35f206D0,689,2
0xb5D045Ee46F26a6d9de59CcA670D6E8f35f206D0,690,9
0xCAfdBDA6303Cb2675a6Ad24127857E3bC21cc17b,691,8
0x5B4935bb080f6790bA1E6372168E31A668Ca639F,692,4
0xF02EFfdbBAdE9f97F6356bE4C0cB9896e7FeCCde,693,2
0x2989BcDccf9d113a492A4fA101b9C4daBC6675Ff,694,1
0xa499647E22c9b2F6d5597b217E2D9EFF2289D1F3,695,7
0xA027b2b8A54dB4B1d2d422af1F41f70f19B5867A,696,3
0x3e38185CB72A12E91a1B8dB8eAeaB2fc928231bB,697,0
0x8a2978d2a61724BdB284Ae8CEC830e50dE18db7A,698,7
0xf83719280BA7f4b1e390bb1524ad42b427c80F4E,699,0
0x0CB5a1794CaAd573d490c72c36eC7dA948E4E4Da,700,2
0xd32def66Ba2D67fbeD07fbC5dBB7907cB62D0dE6,701,3
0x3e1BAE25bC4eeb818Eab90D51E3Af356802d4Db9,702,1
0x25ACC8B6c717A7b56F98f6a1ff57eEB6fF409a5F,703,7
0x552871F9ae1A9a6f3146cb0EdD8C044e3Ff9F909,704,7
0x380dE305d67f4D03cD12e05880584Cb68B2d4F77,705,6
