address,balance
0x129DdF9c3958D5ae6A5A61a40110bEB8D7ca8E7d,266
0xd3dE1f8Aa8e9Cf7133Bb65f4555F8f09cFCB7473,39
0xD6a3B779850Fc5fd22900263d212bfE9EaEe37E3,32
0x8E0F45EBDb09F0CCBd1961605265d5C12B363030,25
0x9825e2BC2D3ac081DBe3D02a2eA1cC015E0137DB,20
0xdbeA9bD1A70Ac62102291fb3446424064948EDfA,17
0x37b2a3F8Eb9a41B72F4410e679035D0B28F95185,15
0xf83719280BA7f4b1e390bb1524ad42b427c80F4E,11
0x570b86aC7E3cB18A1bc9506F6Ecb7fF724D284fa,11
0x53FBfe4F63E468ecba42B07BF8494fe4db9b03d0,10
0x0B8170AbC9822b5BeE50c1E4c8eA7157a827Edc7,10
0x817A322D652Ad609986c56EeBD3375fb9F0462A2,8
0x7f3cd5Da54b7Aaf26Fe2EeCDbc394BD4d05B5226,8
0x0Aba0b05a51CfA00d7b7bF2f8793AE052779df78,8
0xD0d9E3505349BC945A414A6EC8fF8bcaDAbF20e3,7
0x39718FD8CA10e9730A25BFc0eFC4781D563e465A,7
0x23038B2BeccAe773D9b830dDE765EBDEB0249fBA,7
0xeD5b95342A7A4d2735F7D86c3D2c50cb03837446,6
0xDb50fC5E275Aa5d3CF7D31c6E101Db5f19227539,6
0xc2C74D156DC2f614416D70541A59100e3fbFC4fF,6
0xBD9896ddC0B22270Ab19a1AE8Af014092F6625E3,6
0xbB63203FA253B667F1d8D591954F5a14ba5613E2,6
0xaf1C56ABb73ce0C13cCeE81b59479A5D0177eaB9,6
0x780f3FDFde743B5D0Cc010AB639DD4122d8Eb66B,6
0x33ce6e0415e0DE02E182B57594D656ad8220C0a9,6
0xfDfC50E371ecFEB94d5eCcf618357F4c447A99F0,5
0xDf73dBE9020FD06e52644f4bBc8eD449Db29aBd2,5
0xA624d23acb2BcB56f792AB06fdeb3180566512b7,5
0xa41E79498DA7Bc115Db003c3D2a569987ce32D7B,5
0x8BdE624921CF50c1e90d4aaB549670F71Bb8B651,5
0x60edaCED9D7a45c793B1f280aC6D189aaCB66991,5
0x5dAC428D04290a191F4977C4f9d9fb29F86aAFC8,5
0x4580719aB87eB414Df356c423bAdEb95b71E13cD,5
0x40EaeAbcB854611162e948F8cc5863806F9Abf9f,5
0x2895eE26E7Bfa1c52b5EeD67AdBEeD01a0e21d8E,5
0x12BbfcD97B792E614eF346061C05f4a98277f9Ac,5
0xfEA4c5A224D02b411b6B5217C075275dB79DDD1c,4
0xee8F9b32f201ce1cd267F137725011613ead6e33,4
0xDa9693188e511678606d26A047f6E4231117FF9E,4
0xd9390b46a1749DEe5325A490490491db9a826D1F,4
0xcFE8cE9EecE778b1f71555b56f7FCD68B17226A4,4
0xCBb659774bFaE5071C5bb2f96ebA5323Ae4f996F,4
0xb165d8dfF7c64526c8b5273b917F6abaa85B3bC0,4
0xAAD9f526A32C68C25bb005Ee8c7A4a64D72bE825,4
0x998Ee9f2e4537330D2139a03f15D35508682a52a,4
0x8B8Ed57ddec110f4413c0B86661410cb09F17FBc,4
0x8A798784aB344517Ddd1AAbff31C07a07dda8373,4
0x739dC8f3045F6ad394C62ED3Ef043E8cE1ae2E1b,4
0x63AdC9e40e66492763b200531DF34bc39F0b3Ad2,4
0x619d02A92e1ce20AF7860eDEa866FE18537584E5,4
0x51F51EB0df06b41C9F9454dc2a50bdB34E18afcB,4
0x48F19a709E5De7297Ff514D7d4115E579D946015,4
0x47b9438cf7A31C23810cB569a27D6BBC191f0c69,4
0x47696AFE378E980E47cb6A8940c6EC3EB9905419,4
0x3E8B585D95F5A01Bc57ad45f4f1C20d73e7F3C66,4
0x3e38185CB72A12E91a1B8dB8eAeaB2fc928231bB,4
0x20a53930f8C16700c5Da9cD94dbfbB6aE34b23B7,4
0x1FA4D89f1d044dCa763610F30E51AAda92C6c38c,4
0x16d4A8CdE145FaaBAA59a8a4a43A46Be2a58116a,4
0x0Ba1Aa8e98257EFb07cCa9bDCC410a38056897d1,4
0x02D0e33AccF522e307Dd123bD3Ce4e2de467C2D9,4
0xFf0A00233F7a0CF99d551E69e1a432b1715486F2,3
0xFD71F5bEd847c264a4150711F436390E0A18e0D4,3
0xfcd65b6f7B33bE781aB6881D5F4ec83fe4Fd9d02,3
0xec73E8165f28C61B2b66132714bFE45eEe67aCF9,3
0xe7415BC47E5325196FF4b33793Ef56e53991C2E3,3
0xd76bB40d855dece19de5D84a6a42a07F2B82fe72,3
0xd6112B95C8406D5093276583FA739ea4b91bed47,3
0xd46d44986725d6E6b9dB9df8c2a79D6C41d1C2DA,3
0xD3Ae3C8E2700eEc76A9823d6a4bC4e11b22Adb28,3
0xd286BE74Ae42c5fd5f25c21FFfBE1DFEBFC63510,3
0xcde03566d2d324bC2Fe22581E4D9506779E1e451,3
0xC205fb65AB4c6913f558c3d530b734E9404b8bfe,3
0xc19Eb01146f12a75af1e33Bc9b076cBf969c604f,3
0xBC9694F255256C005056F0e21C7083881a293EcD,3
0xb3389F3eDacDfD48603F2F06895A2B2A8a96952f,3
0xAC74126Dc2dCaf90a97DC0C8bC6d4A1318e91e1d,3
0xAaA020747C3F27035A803a2A9B577E76Ed5Cdfc7,3
0xA87e7535e6Aa294C69B4DdB85AD5D0d743ab0aFD,3
0xa253Bb4079F53b04727002489E0Ee765280c1Ae2,3
0xa1AAe64b8C98045771cc7f450c98C989e0b373Cf,3
0x9eddbf9a23F831AdB4628C6913635951D1b17072,3
0x9e3554377a7DffFFDD9A96ED00B0AfaC3fF55d78,3
0x9CA618e5d42Ffb2D2DA48EF6D37f19AA2CB15427,3
0x93A9e1206c87b14959db646F77276c62822c4a57,3
0x888D254882756A9fa099d833FfEe771678691FdE,3
0x87eFf1A349a6F257Ce2c80eed0DAd58899666e5c,3
0x86c16F44BC75851a9E2E16e28366aDD78169fEA9,3
0x84F14f17bc7975D1D359d2A64Be98820e919650b,3
0x7Ef2F7af07a2185465875C1Fc099f8A8E38A84cD,3
0x7694E0D4bcE5915e50185bB7E9809Ea544793Df2,3
0x71535AAe1B6C0c51Db317B54d5eEe72d1ab843c1,3
0x6bE410BB33133469cd7F67e54163FF3d4deEaeA0,3
0x64C9cc906fd051687E10E72c7cd051d5BDa2c063,3
0x5e27FDCa5b06050f31e6ee8D068e6a41f0a0e4Ea,3
0x5c28c2A0B9f40ae709Ac91B84e053E8B1a72b59e,3
0x5822c1b291f0ee18041baE813fA3b658d6F504AD,3
0x4C2d0F9080b4D3299EF51F8684641024522f4549,3
0x46EEc778aE3c26413Ca179CEDE22bF1f349bc3f3,3
0x38f1F3070963C9483293518945039Be5648F46A5,3
0x31E78bB913861cA8Cc944E5D6cA246d077c2fAA0,3
0x1e0651307ABC1d6Ab0E13A51dC541a5B6bF298f4,3
0x1B8E0178598550343a3e457a8598bc3389E84C27,3
0x1aB89De00F039d9De0E17cd1F1A5E7372C475aC3,3
0x0E210A1C804E124C91F36a5226D2994f2adBea41,3
0x054686a75A3cd0845dC89783695D477B492E287F,3
0x0424e057c2D0bC7e58C75975AAF38BF1e598cd49,3
0x00E501a6deC3F39CB52833c221a3e43431B143D1,3
0x0023E49E7DEBfbf55C4BA8CFa9f27a1B3585a88c,3
0xffb90dE6E35b6A93CbCF823A1D286B07f0ADB64B,2
0xFea5FEC74d592a12094A478fAa7884fF1167e90e,2
0xFe7139aD41Ff17BBf650E4f3aB4a901ca7b6f461,2
0xfDCE5951F9c4A64c397eD3bA8Ed6408E10Df2b8c,2
0xfCC58240B262a6feea492c5A9Cf295e6c11DAfe6,2
0xF82Bd57004Ae7bF2F2A7491171F26b31Cdb1cBCd,2
0xF7a2F0978d9875Df33E44F4d4A8dD2D4566Fa8cF,2
0xF521dD46c9b24B8A2352402697FD0Cd581EC5F64,2
0xF110549007ADf52a2C2f618993A714C4abaF9bCA,2
0xEE07E3C38C01b58C297f5F49f75C702B797E739E,2
0xEd4312B4a1b030632b592754a62e09E375A62b4B,2
0xEC420175E146f1b888d1d97683eD53be51Ea0D20,2
0xeB9d8758933a21A2b0adF1226f360631184fc898,2
0xeb729C7F10FdDbC9ccF990938fF21682A54e1274,2
0xeb258Ee4d01Bc2D519FBc43ff1681D0c85e36B42,2
0xEA7c361C0e7C1893b9cc717f313942c87B5F388a,2
0xEa51869b3eA2638d39e010FD6001f5f69e988D12,2
0xE7577c7F4916a0c0C287512BF26e2d6eE00A4a2e,2
0xe6679DB187A025DB3fbb0860db29884771cAC0B2,2
0xE5F72840d5704E162b40a6Ae16816Dfe71C6056C,2
0xe223c05FA8C4c010d97649aD24009c722F0B3ee3,2
0xE1F8586192Cb65E698c8D238eF09DEe0FB5B4a5a,2
0xDd03D487dFEa1E3f3A862fdF32a8E27c9f5fFB6F,2
0xdA7f5E14BbB16655B300Af7AD178c61A6D6F9E60,2
0xD967Aa94430f26e9a24B0D8204F4500155B475b9,2
0xd89e2d60228782308CA0Cb71eFd016d4bCa7585A,2
0xd4438e14872Ea786e7011746CD8F44E896BCF8E6,2
0xd3F2F426EdB3E7fb63ac368bAa08B73e8515c557,2
0xD3206ac8725D403eAEC5D8767f5f1bBA791e6D44,2
0xCF04A885FFd49579445C791788F07b058956A190,2
0xcBf11b40e267F9c694524BbC14d715f6b190c113,2
0xC9D15F4E6f1b37CbF0E8068Ff84B5282edEF9707,2
0xC8b122195f3657578A4705721633308A4264ae8A,2
0xc61a3F6b71BBd85C8Beafb8A04803deB2029A346,2
0xc46CfFA1Df8C8192ae6C77Fc695768C9521E0B85,2
0xc3C921AA1CadcF71d691f5b20332EB0284290a59,2
0xc1D9c776Ef4BA56026bB47F16e36C6A4bdAB7d9E,2
0xbff17367101F4b284fc1Db65F16F2206ba282761,2
0xbd7e425dC2976c48d3C811B1D4871cBA6C682448,2
0xbc6B9F108B44010d89c0aA0daFB14fEF6cfF8674,2
0xBAcF93Aa8A67d8f046A0601dee24a5CB4D49ada5,2
0xba8765802198e5c19F2BA8fe9b0dA2B225927AAf,2
0xbA12C08C2690f8b8b6cBd2e09f6A9614251cAbd5,2
0xb9803E6898f7F75E804cD5506B72074a7Fb43138,2
0xb82E730693EEbbfB800Cb1B9CB6d8b1808032398,2
0xb7474f5c12f5F88cf7CC815Fb6Ad714d548B5b32,2
0xB68da7fbF71383Afab240839287878539cFFf20b,2
0xb5D045Ee46F26a6d9de59CcA670D6E8f35f206D0,2
0xB5462e14432E27A63CDA06Cf7a0595Bfed600AA1,2
0xaeFe46b641721cd02f9853ce291b58ffEeBA8D63,2
0xAC46C8748e1c0871968068A6B431b34d1770340A,2
0xA7Ab889299C17119A45Bb8BDDba851c694516aC6,2
0xA2e4694FA18429E593c1CDF7187571dd239d1959,2
0xA27D47CC86f01b4A00F92365fAb4257DB8d77308,2
0xA11f328Bdf8F5d98B89DcF5222c78B735885D6F7,2
0x9fF12D0Aa891B40D1A999A781FBa8e796885D791,2
0x9EC03FA06812c6637992da257370c366c859b8B3,2
0x9eAF005f7674a802ecFEB6C76bea36BBe6371443,2
0x9e51af065cB9a96E48d5E9aFe5A1163A7a9bd992,2
0x9DDCF125d16467bAC82577c618699EbB0918d3Bb,2
0x9d634e6bd5eDC906b39Dfe216745DAe73Cbf90dB,2
0x9D442fD9ea4728c4935d16405722131Eb5994510,2
0x9Bc84c99f7d6F7081D8FBC614BCFf790Eb553a11,2
0x99a9F3d6B0775B84920eA83c9bBec1856BEA761D,2
0x958b13F2b5a597ae6B1da2071cB3EF91ec187556,2
0x921Ae88E3618189CA7d832D740dF2444FD0Df4c1,2
0x9202BF22605fB429aF0add0428F7CB4Dd8b6B26C,2
0x91069286728A16fB0c2fE0e29EA56e253e69Eb01,2
0x8f8c4B30e98C3a1A255A6e848236C533B197e530,2
0x8ef5C2CE22490d85A480366Adb797f2868A27Da3,2
0x8D9F18820Ff7933b72C944e399B5773d0bE90ab1,2
0x8cB1F920e437791A97443cC81b62476120D30e40,2
0x8c8619A1Be09336e17f32f6955dcAEe1cd7e432A,2
0x894f1fdf83c322A6b35aFDe5F2942eBeb670ed30,2
0x894b5854f1f566b50B5F890b2A07FE01F8cd2f62,2
0x89210fFAFdFbcd181ec27621ba2a7dFc36B92fa4,2
0x886eB86d60EAeff4CcFeD96e816cdB93AE07f4d0,2
0x878F9a75edEFE29918aaA6e9Ac8A26AfDD028BEE,2
0x84CD2c9770E986ff761CEC264913DD4a9E0dF17b,2
0x8439a3B6ed9cF3771Ba4b91C2812316a209ec194,2
0x82C3A2783E645035FF4269cD7251e8889974172d,2
0x80CDf127E89Ea0b303E9c5BD82b2308772e309C8,2
0x7dc176230352dBd6211732b8ee9fAb14CDbBA549,2
0x7B177325DC386A68AA155b47416eDAb27A20D684,2
0x783ea3de8E633e75291a035A2046CDcE4AC0A67b,2
0x772003FE8EF5820755f7193A9d5Fa940546552B2,2
0x75B23aa76077cF87010848017A65f498B95D0Ca9,2
0x753408E0d3D3Be3F41de1e4ee86f13079460a1D9,2
0x74A13587e4549b5f717f1DB32960247E5EC538c7,2
0x748a1626438952bA7CbE29c1E92cEB3A0822D82C,2
0x6E78f3A2b3072B69B56Ba710191B2EDE8CEfD3E2,2
0x6e34561550CA8e3451a7899e0199A93Db8002E3A,2
0x6D29bd17B97da87d8EDf73004EaA1d95c0d15BbD,2
0x6B423815f899A9496C64148d96247d194bA2600e,2
0x69654B275DA070617064BD7F29f8B500Ce54127D,2
0x64eaccB62A35Eb791cF79a2beC40e902dD99902c,2
0x63931d8e5C04Ad0F67aaFF93be143E2CcFb93922,2
0x61c2FC2a652C0440F10c3522b4Cf5500A347C7Ce,2
0x5FA5CA8b09e8e546745F3f6eC403c44F4e945563,2
0x5f3d6141B371e1D3FDA66171640374211024B6A0,2
0x5d490C4a0B5D12C317e24D5198becFA304F72929,2
0x5cAd4c2CDD19a55cB545229698b8953060fDD2D9,2
0x5c28f7Fcf8e9B8AEEBeeB87852f1Ed11C51E43cD,2
0x5b58e96b30f015E48b44C9F64511f52DeA0b888e,2
0x571d05Feb04da207F8efbC0EC4AB756689812Be8,2
0x54C91a6ccAFE8083DAB1B63d33A67470c9F81676,2
0x53b0C754E56C79A3c364B5A19d82d1f740849Cd8,2
0x537A2C6be30b97Dc832E15e7b6B483447aCdE78C,2
0x520086B1440f337B116DCb0086dFA6a348F1cEd2,2
0x51D2bF026Fde1Ce087c178d9cE3F91FdEbF054E6,2
0x50495946033EcBC8699c526cd8A5F9C6E420c0d6,2
0x4f0188Ee7490146D9e92F35F86e825AaBd05cA8d,2
0x4d21fbc8229843923701C43cCa498E1A4Fe22AA8,2
0x4b6D3AFA02394fb166fec08896D7F7e63f1932d4,2
0x491fFC953E1aB2751817ff90A5f32694a4841474,2
0x48adA178BDFFBB0Fd53210dcbc6d074d00f87B5E,2
0x4816Ec8d8b8B1Ce86359eFCb820aF0a84001072A,2
0x471E675bfd8cC2dfCF3D3A671Edc67aa4f2Cd4CA,2
0x453F70f9d222845EDD5D0BE4Ce088ED7dFD529E2,2
0x43624bf6a0074bC50332408fC38AA62adb1C2a35,2
0x43238ED5E0C1950229423B82238Aac12Fe71fFd4,2
0x42Dac4c72EEe97baeE3bBacc7102790a7a1800Ee,2
0x41eD9dc0a61F63A722826E6a02783C65F2686b39,2
0x4167B32BB11907f400D510Bf590aAc413C9195a0,2
0x40d261D402F2FB63B1c7775556de0Fc7D58FEC53,2
0x3CF5A54cA70e2be24B481e142B4fC265656adEed,2
0x3bd59eD16c462b4464091830DAB828dce079076f,2
0x3af2694ca825227B743Fcf7586365D96ca8f67CF,2
0x39FDE624E251B42A43e2564Ad9fd07160Cb2AbB2,2
0x39FC268E33E0BD9bf8e685DAd0b4B3A1B8c8899f,2
0x398F1e838bf1acee363F620B7Ac87b6469AEEF17,2
0x38A656C67eEd5e04d5F8bf93A1f54515b284a78c,2
0x381ed019a5EE2eDD5596e2579Cc9ef9ea99940F8,2
0x374E640D5555919bC414423c2C1fc968d58a643F,2
0x343d35eC024a00d14e608c78b74776FE7D1ba9Ad,2
0x33F0207eE9C1205574D9FE51a7f0b1A07583478d,2
0x33b1AA3541319Fd8311F2318B2E6f82bD52eaA19,2
0x33b0784543F5A2Ab6380D02ae3233D18127905F3,2
0x2FBc45b6575767B4900D24cB18523Ffd2A3f6152,2
0x2e1C2EB05A1A0788ECDFAf19c66Eb8Fa0a44b353,2
0x2Bc98664C463859905AA9BA453C58F4FAD32fF8C,2
0x2bc2d445FE62335F2d095ff00A0288D05b384381,2
0x2B04431ceB74cf7E1d44BB73196154BA527140A2,2
0x2627c39DaBac510F47f2A692225e70C9B6249276,2
0x22ea0126167063cB14be7948f118f3CA767A0deb,2
0x1E6a29e9c42839e982a68DD6E42d465BA99323ff,2
0x1E23d49E5C351cc9eE41B1ecD483b0Ec8C801610,2
0x1d2669C2C19C9d0C761d3E336D205a39f97a4fBB,2
0x1c6Da3AF338facB46c782051259ceAF8D739016d,2
0x19840fCc851b57D622633E2951534F651Db956E9,2
0x18fA0DCd725C5E3092aB8Bf75ACA2Bd8D4CfAC4a,2
0x182FE7b9218592f5e072096C83a270281b74529a,2
0x17D5e13e769F4caDf9393196EEFa04496B7a6cFF,2
0x1604EfA11c5b7392BFd161f6194EB7d636e01C31,2
0x101Eb8257d669C3009a7Be8f6Ca3a469dB5E07Ea,2
0x10115EA72868edacc4FDA8F398043CA593f5B830,2
0x0D8d78700E23E82b280f57Db10c26b2fF51Cd8cD,2
0x0b818Dc9d41732617DFC5BC8DfF03daC632780E1,2
0x0837BCCdbFA7d84A9632e23e0507aCccBa6E982b,2
0x067A8C78463e2CbA1819386c7d894650dbe17733,2
0x05f4421fd2a68519E07E3902222ce67F3b6bD845,2
0x0417353840fBBB83caB10389188D7c3577E43e62,2
0x001ff038931C031b7CaD1CF521Ed58B1FFccfec0,2
0xFf672B72F6A14ed06d49cD728c30FdbCAa077240,1
0xFF166c264c525C5d675d20C513ac2ecA37a10a0d,1
0xfedbfA4f865dab6794E94f71B0403FA1Ba26A258,1
0xFe3A7A0C836Ae601bf6c723f339122D2Aa6b9Cdd,1
0xfE23A5Dccb6dD4A51a44643870EeF3273034ab24,1
0xfd3f412fc20b7ED21740786F097322b679331779,1
0xFd12f5f154F4A3727287b5172628f5b6b09785A1,1
0xfcFEb1c563ce8a545F25f14a44Df37360744F045,1
0xfcBd83A733D381776B76e1B9C8895D41016C2513,1
0xFCa9fC919065c1d12BFF2e0c007595AB8bCCe8aD,1
0xfC83192a4047247462C36e5823990688Ace93FE3,1
0xFc1CF8a65D9D43F28b6b955147eF3dDFBf7D234E,1
0xfbEa1765932D0C289ABdbc1e164D198146591f2C,1
0xfAA8dcc827153B8A4B70B109e6489992cD19103f,1
0xfa6F614A574509ad2BF37fDaaC4238EfAC526AF2,1
0xfa19e6c35FBb62Db52c26929D8A1BABDd5AfDA01,1
0xf977516D80205560EE3810a2241EddDc4fde8D2d,1
0xF93A5F0A4925EeC32cD585641c88a498523f383C,1
0xF8d5BE7A3e3fbF80183681bee4bb029a28c7EbE4,1
0xf89F2E383Daa65454EA11284BA35eae53fa32AfB,1
0xF89Be7F8e9b3e5bdE7C17781C6b0263e1b76ccDF,1
0xF88C303D383AC9053841531fB64720cF92a8d8D6,1
0xF87AAFaA01f252d50929c28575f76e3fDd7613C3,1
0xF78A221A82632b6068d9AFdBE728422477634adb,1
0xF7337F95A2D5202E5Dc783e1224B74A510b5dFa4,1
0xf6C205Bd2b16131F3722D81Ac83755019a513CbA,1
0xF645F366da5aC2CFCfacEb1cd95B903DF7c67fc8,1
0xF5d8F53a36C4BbeF078e352ef38cc06132320d3C,1
0xF58886c5a06873357e946E75A4a7E3051A1F061a,1
0xf57395058624cC79ae1Ab69617b9B6521E3ac71B,1
0xF572d207aF78a35B0C773684c9C98E5C9B9B0CA9,1
0xF4b0d517f671A01dc90dFBA3c4402B117b0A7ADd,1
0xf47f7501a5A5221f5E4d7C6078e377d5BAb08277,1
0xF3eD719655010A7d503403B7Cc567A3e95909f66,1
0xf3b059c887172f2cc52b5e77EE3b2C8B3A32E6eF,1
0xF38a1B4D05d640e0F4980b9013889E50Da75b52C,1
0xF338DE536A7A7d4051b765cAd1f86CB21373816F,1
0xf2f22fa8fEFCadd6502816A57492D7812c909eBf,1
0xf2EfC7b78168abC6A5be99e5624c64f2499d91fC,1
0xf2a3d0e3336DCCE72a0B17b5766DaD55A91B9D77,1
0xF2877832AE2ddbb90E5E337776921f00af79419e,1
0xf25e1453D925bbA6b95Cef8683F944ef545eC341,1
0xf1a8Bfe248f24d102474bE650A871137145C4f24,1
0xf0803B4cf6359D64913eC6a0B8227640Afe69B2a,1
0xF02EFfdbBAdE9f97F6356bE4C0cB9896e7FeCCde,1
0xeFdE9508B39852f141Ca43fF906f18923FF61A9f,1
0xEFC16955C8D011561d91C1d8DF7cD27CeAd924e4,1
0xef98b7a708aA6a8A9149AD7764C3e1D68Ae91678,1
0xEF92F62c0add53Bd647b266acA5d185aAbA78C34,1
0xEf43305F6B7ED2AB3D230255A8958bc5fdCc2B42,1
0xeeDE9ACD5BbCd64915078323BDA6216dfb6565ef,1
0xEE889769F463e00a4fE642B78A191245127cBbbC,1
0xEe7dEe83fE3209DB0035fcf60f1edd930EC2f8C0,1
0xee6ECeD49d012A0b4092A62149b70182841bcb82,1
0xEE219649DF63A76501B986D13F6884D019B2204e,1
0xeE1A00BcCA70af6E174168143f40F5C54EFAA712,1
0xed56Aef509B93065D9752Fd7416dbF83865936a7,1
0xed47d0EFee68d415a9fCA9D7035Ea291A36327A5,1
0xed38c8326B6a20b200e580237Ea7444bF163a320,1
0xEd1781C7CA946a97Bd87437bB9BBD296f4f4C33e,1
0xEC8AFF769B4995a5dB62C26212Ca612f0914Af2f,1
0xEc4F69eA443bC2219DCB10CC8D007e4123a9ce6B,1
0xec48ec785B6Bb8f298fe4F4a7868ac4F679E4c39,1
0xEBF227Df005E3c2B7d5BC1A13bE24553451380C0,1
0xEb9981D68572B0553B98E5AECb920b6a7843733e,1
0xeb8Ce05c00D87f58fD47647faf21D44b0D4EE869,1
0xeb5887734E12DcE3F0FF264AE50Ce2d4CcEEcc67,1
0xEb52573657EC373b67fDF62619bCf3250c14141C,1
0xeAf5A3d0d6793320DfceAb1F09692e7CD14d15e3,1
0xEadD53C645be984e3F43408aFf0D2056454ea1C5,1
0xea39E59da1db19d486df67D4DDbb8981216835da,1
0xe9eDfB33924B5B812350E135493680F8A9E3A2dF,1
0xe98f0276a5F59c2B54886A17b0a2fAc717915510,1
0xe974e962Be49A23Cf70769d64472e2b174964a2c,1
0xe9255f2918F07Af51549Cb79d3FC80A313245711,1
0xE883727fb98574913a9e8a4884557D27C333e881,1
0xe857077B8d53d7eBebA5ca2df57166AE40368C65,1
0xe79920bfBfF4C42564Ef6074ae416B71855aACe7,1
0xE75c50ABa1e857539212f816d4D95F89FB32fF57,1
0xE7294495206c1F5223D7F0C59B004Ce971760541,1
0xe6C6390eeD34b62c0E364b540e3b31f139B7aaAA,1
0xE6A2cB35909380d7434BB4708dFefef3CB7901DF,1
0xE65ef515aDc3fd724C326aDF8212B4284FD10137,1
0xe5E1d75B1A32A7A79d8BF75118246288B5038229,1
0xe55ac567304a182e3a2C5D1253c38D3D465ad3C7,1
0xe555610f2B3bA89609382a2829076DB17ED447B4,1
0xe5419D32EedEA69a01d03F0972c21C55F0475eA2,1
0xE538794eE7cA2EA23e98C5409fF86E45c3d10337,1
0xe4f2117eA716A3D1DA70f30657284Dcb78879983,1
0xE408D65d495c567aB246E7c90F11d15d96c1738D,1
0xE3ce7F85cBa941203262b808Ac518f71d739F0af,1
0xe39641B0A3DB2b4db631672117Be090e2Ecf6F26,1
0xE2BD708D3758371836Be1d60724B538bF940FaEc,1
0xe1BC8A4d3Fa757bc6AE042ba2D889Eb6e13921CD,1
0xE1Ab77Fa0C089Dd578fA1e542E50D655a37C3b05,1
0xE0f39fCf420fa550D3b789D326b75932AB279c9F,1
0xe0C4aAAf9D82d7c24F6FE4E45ad397CBE1942AF3,1
0xE0aeD5f5ea5AD990E6F8F2c1b3dBaA49E367CfC4,1
0xe0538a6F00771B3Cd3Fd190255c26cB174C6aE48,1
0xdFfFB1287F0C37f976df21ecF46A9B37e6075ad5,1
0xDfA3f3aD925e01672016B7Fe08bd8804d551cc1F,1
0xDF37acD0bC4246E3913C5D5b9f76040A3A3d0A50,1
0xdf327C3cfD5711a376c39197A6F7E2bC2C74124B,1
0xDE79fA44e6A37F437b2DC74E81e3958ABe9f000F,1
0xDe6a2a6336F7D167dec51edBCc822E206DC21588,1
0xDE6830f107E8CaE9ec63a240fffC0Cc557751EF1,1
0xdE54139d9592128EE73B5F8f72e8d0A8DCAA5191,1
0xDE47Cd1A26D22dE2064838b7cccAef88cdf919Eb,1
0xDE3831D8755ec44A5eB61757C9e3198Eb7F1f871,1
0xdE284D2ABA5975138E6383311803697e6938E6C1,1
0xDdfd2627fAE4D379332f0e96f802Fc6901A2B920,1
0xdcA8815Ab3702C94f4918C5f709A349AFbb435AB,1
0xdC510ba636513b6084c262f258B16b4326414929,1
0xdC49838921C8690e1eBFb4f17568caF7B1Ad566C,1
0xDc32b8A20289e98E6Bf5CdfF02407ea3201095F2,1
0xDB8601eF0ED92332dE606cF535fEfF9c88cfbeE0,1
0xDB842142cc985C4E62E5aaF15DB63182C112acaf,1
0xdB77D93a976081Cd2c97914B72D27f9B053C843F,1
0xDb5858C302E52064F63ABB3D5C0f58BdEed49fe5,1
0xdB478E8F7DB97D1385b1FB5170A84Bc7de94AadA,1
0xDAe4d6F4C40452B67206E444B4FD64d9Db3d426e,1
0xDa610b7CeF2285B7B81cb605538Bc3F83999b2cE,1
0xDA1eaa6D6BA271B1FB9e5d014FdBff6326d26aF6,1
0xd9d16e8A05fa950e2362319cD3efe94016CB13D5,1
0xD9cb62b3b3b918bF297125111dD26aD86DC3F991,1
0xD9C71889FA467F86a3D6cfF2F0380a003A317AEF,1
0xD915800F3C395E93632F36EFaD9d2FF73758e964,1
0xD8eAA1E8fE9706bC4E487b4eB12300E3B4C8cb65,1
0xD8dB8f3369EFAFb47175e9078B83D6C4f724BD5d,1
0xD836DE82DEF4F4DE5D672d0b86B18D49a330fB30,1
0xD81116096A86FeE95dA2aAc5646A66EA7d9b9e10,1
0xd8068f813c45C88CEBb02cBC0F91F95626Ec9a34,1
0xD7E4798caA5e639bdE85728e423d0aD9aD80F2E9,1
0xd7Dc66094203448c784bB3fA17B72ABD72203c5d,1
0xD7bD783b57Cd6201CC0A9d736c866223b57e02ea,1
0xd7464f6283D4Be6D86E75f7EE9ae3240bBd18Be0,1
0xd73405Af9eEfad3E5AD6de1f8Ef7ec709b0d223F,1
0xd700c2E3841EC36BCED1122DDFec713b04c4e5F9,1
0xd6Ee4683C8B9691235060b3326c29342dc423212,1
0xD657d64EaF9387Ad3829163e93b0CaA98d29f826,1
0xD5F22Be2C8E1cD7AC374C90B548a879308fAdfB5,1
0xD5E7C8051bB55471e65c77735246037B88887794,1
0xD5B2BceEaaaCCb2Bf152207F7E8c4AbCAa7D5881,1
0xd5A666E00fEa6256Eff7c11d0a6B871e532b597F,1
0xd553Fe129584198F36DcF6e54Cd3176Af2d5BE0b,1
0xd537C667d491949f0657102F56b077050AA7805f,1
0xd51D49A1a67AB4ED75825D1F8a99b1c794e4A164,1
0xD4fe6bc042e989644cFC8F1b0972E74dCbbffBC4,1
0xD4E3473b279661767FfdF3ac4113e2979dd5D075,1
0xd4C75C59905e8fa597EB87eAC2702E4A6Fa3ECdD,1
0xd4B55182f943c84FB3156b2e8B4711EC7c796DB1,1
0xD457Aa44590A0F9100AcA971E6b42a802e1976cF,1
0xd4120F43e3f4F48DF86F1183c1Ca30ADF6991a57,1
0xD3Ff1a0E196C9b466E6FE4EF70b6bD421D4Fa74F,1
0xD3CbEa9e063f958e3B9861663C7e4A00854bbd1E,1
0xD3c93cbB708525CD5d53eEaEfb11d46eB8aE7447,1
0xD3a5A3B167fF2eab162E1E8a69B5CDbb9C68BA3E,1
0xd35feE0047e11A317cbbcb3eC61B16de5a711deC,1
0xd32def66Ba2D67fbeD07fbC5dBB7907cB62D0dE6,1
0xd31B490c19748aEB4F81bda8b08bc27Ab426d711,1
0xd2aDdfea0e1386f85d670001D7b2E515994827eB,1
0xd2816CBd395C9003341B77e686d65A3bA6375d4B,1
0xD1Be0d7De9CB6cB1184a80b237AC9Ceb403D3752,1
0xD1A917585855ae8860aa5852D72170c78F72e664,1
0xD0B188a3092222A6D8942536EDae9A3BA559Be6a,1
0xD05B97F15baB0616Df84caB5A0d5dF9B67bFca9C,1
0xcff6c7eEC2d3Feb3988f8713cbcAc4beDc77F426,1
0xCf1Dd26aE52bD6c0388a105e42Fe8Ea069725F29,1
0xcef88c03B5111afD85D0067142A4557169916063,1
0xCE792B03A39264A56bD136d07B61aED61CD110C6,1
0xCe3f7Aa10c48B179fe6CF35510BD6118D50cF465,1
0xCe341a5f70565a3E9DE746ae893C18BFb759Cb03,1
0xCCc2e93A9a54C0e913FA7BD30c1F74A4db85175c,1
0xCc871FF51772a17D8DB6F8BAE368591f2252129B,1
0xcC6B4266Cd8C3FE9f50c48b5609339fbD0E7cD91,1
0xcc2A1feA3C4d374FeFA1Ab3F601107E141Ed3514,1
0xcc1001D32202634F93360a9d78c3C28c77FD2d03,1
0xCbE80A330F5221ac28392933BdeE65f1F2dAb834,1
0xCb8f084F9C3fC55cdB5c4fE731649fB9678B7d7E,1
0xCB3052A0B568787731A17F759d21A16BfF2519fd,1
0xcB15D1bE0C5eaA4D25b979A598Ba8E1398753fB9,1
0xcb0c4D158E9ab3BdFbbA9bFA5875243c34E435Ae,1
0xCAfdBDA6303Cb2675a6Ad24127857E3bC21cc17b,1
0xcaaBA3af17A31DE56e272B021F74A16938181d01,1
0xCaAa1783C795A174Bef36fA915f656BB479a0Cd8,1
0xc9fe41d4944EBeB147BA03586E2A084929fF5D5c,1
0xC9BE1ba53C6e187C445673D1253984a7Cb0Bf720,1
0xc91D6f29c737047D17694b7e424F96952817E6Ff,1
0xc90fe8FA04B96cD87b5311CEaCC235cFB45A0FB2,1
0xc89d2CDbB3bb2381aFFb4d09c137bdb06B62ff7a,1
0xC85c9c0D796f7332d997f88aFc185b14D8bcC5d2,1
0xc7D0F536BCF96051B7a42655f40A7A8A0dAaEA2B,1
0xc643361fEa4B24d8859F19BFF9eE7FA7372592df,1
0xc5135d008c1fb7B4554255eC4d82cDB37DDD8A09,1
0xc50188aba81aF79E3082f3C7BF5845B06C7fDD20,1
0xc4Bc772F92f073eB1F5f8b784f7D4ecFC7247879,1
0xC4694B7CFB2D40A9030Ec45Ee08E91bF6bFE2642,1
0xc3c1744bcCFE4691e332c873F9cB99B53214e03C,1
0xc370105EEC95D641322d285bdAC5015E8B90Ec98,1
0xc313D7913C479bD1aBE564BE348AC24463f968bE,1
0xc300121088d4a71F5a0564Da280b5D8defa21EA5,1
0xC2EFaabB7170ef8a8B64a56D1c80FeFa3DB5bD78,1
0xc2c8c6Daf59bd4f0069D3b73567298930f992B88,1
0xC17972df116C4Da7c61E42188C2376439b753419,1
0xc13c651022530C4dCc86C1bC020E08d67EC0258C,1
0xc0df32E2848Ed6C37038540034f5B73855034cac,1
0xBFe4A605dd331D56D1A582750D94B22E01C2abE2,1
0xbFd8a8b583785130EB9A2BE69b9B06b7d933A889,1
0xbFae446a91215BcB0B2c6d0fe1df8286008756bc,1
0xbF8cb33574B663bb832ef14f0657d72D952f5995,1
0xbe764b4945F0e1F63DA81c10a4dD26E024c93470,1
0xbe6C5447423AEC564E595cb00cE022C624D0da8E,1
0xBe6AC4a5B61A4bE1aC4Ea473669a24eE5aaE3033,1
0xBE5DB17252907470e9E8f927C15a68F482C61Da5,1
0xBd1685a8ab12387Ccd484Ccb800320775cd55B40,1
0xBcC224605383Cb72dc603B1e3b4f4678B371C4DC,1
0xBC87F848D420feB0De0Ca5EDBE6fCdd9f6F79Bd3,1
0xbC711b28bba6c40a9750fB3178D68982C89CeF5e,1
0xbC0C8761f2b093Ba910cEA4E0C9Ac3700d3BdE73,1
0xBc075A720C2a2a5A14731518A6fc9BB1bA83368b,1
0xbbEe783d73a6d26a00B79b29b60e2a9B70394ac9,1
0xBBDf0F49Da5c3483a19FCE9a5Dac17cF1425F7Bb,1
0xbbA17E3E501d91b9023AC4c1EEd11002bA0CC08d,1
0xbb7cB055288D9d54340AFBc2E9DB83822EB5540a,1
0xBaa9489Cb3F31AbA3BdFE5ce4aCfe9165246BD5e,1
0xBa51d2e6170A641f21BE656940B2243fF674C849,1
0xb9C174eCaA4817f99dA26B09Be950828482fdE03,1
0xB97e1a86A0C2D2F6AEecbFe61487B7F29BD13f44,1
0xb9697473d8e8b77B51120c3150FD36cb0E6307Ba,1
0xb92c55DB9f5EdD46423980Fbe7fDB9948fAF5b57,1
0xb8e45b46bc3700ed978cBe063643E7D16B9Cb084,1
0xb8B8b0727515C7Fc6675E561270a6359109B166d,1
0xb7b5A0Dce9cd9C20f6b2f5774265108BDB4861C3,1
0xB7abf73D250806524a40C353e6e46d95F1196817,1
0xb76735d1626DC524038d23f5F9DC2345F4EeF7aF,1
0xB7044B1B2741d7eEc9935e3455D18361F82F7E4E,1
0xB68BecBdae999C9c6a4B787750EB174b52Be54AC,1
0xB66eD94bfdE5081576d365046453b0d325AB26b8,1
0xb5e64c26ac0C85a2853603711254d6Ec51A1B1B0,1
0xB5BA78fD6a7dc65C35de44e0f1212361CE3977b0,1
0xB4B4598a12790B7D31ac202b8707da96D9bE9EBF,1
0xB49509ac32eacb3a7F4Ea8C8B6C7c67e65E12B6D,1
0xb42CD13d0B53088e1685Ed7f6C78066b243f42F9,1
0xB3dF98690afBbFbf3afc6E940EE26f49c4cAA6aa,1
0xb3d8EDaf090070D2691eBbF38c408f33B7C83a26,1
0xB388233Fc7f3391C41392545bccf0909E5cf4b41,1
0xb353D1ef1668c77772Ac26058D7f7ab58ddD39Df,1
0xb351a0a1173D66966D72D65038ac9D34316a6415,1
0xB25704c5Ea00E3FC297008313a44ac53b9F70bC0,1
0xB21fea23c27f88C149c445Bd7Cb7AF92a6c0D82c,1
0xb200D1d54efEf1928d3Fc985907601B23863225c,1
0xB1f9a616A60A69a17732fb8F6E6442b4E51C798F,1
0xB1Ab4f89a14340925a31a9b78B937A7386AA73d7,1
0xB198e46d79324d9881E1a098B7D405B4fEad46F2,1
0xb1778841cBac2cF6A6B4D58d6d734b728C631186,1
0xb16ec73E3f3a83aaCDf39fFc0a33879A0b398397,1
0xb1567DE93185025FEB660BBe8EAe222bEAc3C1FA,1
0xB142B9Caa77cef5f16bbe2cEEd278Fedf3Ec54C2,1
0xb1371C57dc2C1b8e28157DBB9d83097072741af6,1
0xB11356D14b429E3Dbad0A22a1fDadC3f63Ac6Ad3,1
0xb0812e0006470fE99F71165fC7C1A2312F7b90F2,1
0xb04b2aa8D2F055DA0bc67b0aba2Cc74E2544D0EB,1
0xaFAA188Ba59D8b7950C6B287Bb11E77759da714A,1
0xAf61B0f9756163709A129F60c2192876365D13D5,1
0xAEDAA9e122A1e4B6Cd687865b05AaF999e63Ff7E,1
0xAe196822d2061efE45a8484EE98286351D944a51,1
0xad28A12c12a8BBceb8342ce15940d14e564A6D04,1
0xAD20bbAAC6946203786738A500Bb7745CA5A9C5D,1
0xACbE1a6F6609368DA79De8206Dddb63d2B283590,1
0xACb51AA1f70683d3c100A102785b3bFa5D865B67,1
0xAc50485A5A348EcE7c1493338EC8d86e837A28b9,1
0xAC4e4e2a0c9020CA73624B2f92F6f7b4f1421eFF,1
0xac3b746B44d165645dC02d96806eB641BC839c64,1
0xab95e42096Ef6C18eD278f4FcA25754c96E60aae,1
0xab4626FB91fc8Dd318007AF5f538F317dD8F93a4,1
0xaAC9DfF40649a485A48096C5351bE5BF59e1777F,1
0xaA96006C3F430c0d2054F0828a282DaC26bF45E8,1
0xAa7E4e462beC7eee4b5d8CF571F1D7bC18D42f83,1
0xaA692B9A88456f5F75eFc9a4B7B74394219Ae43f,1
0xaa650B91f39e8081D33AF5BD3E7C622eBEc45BC9,1
0xAa3a1d43304704299AbC82e54FDEC0876747fD5e,1
0xaA112c343fcbE6dBd24A65a49f7219a4691fAb88,1
0xA9DDBBAa691aEb72100637a06DA62442EFB8bfBa,1
0xa98b6Dc11e73b730126d831D9C70A7d9eB201c50,1
0xa97bDFd85F7733bDA9DAb3f53213F59bFD065fc0,1
0xA970fA27e02A61D9Ee6Eb311cce7B8D2bDc6AB50,1
0xA93732731df985d1a8bBD9DDfeCA88f80AE4d4f5,1
0xa8f7942E4BE9C32Ae7ea3c830E517e53EdCFbb61,1
0xA8F02C6B221d01F8a6d8adBC88A5F85b8569CD8E,1
0xa89C95274D0aDa21D068095157AF88E368DcB9b0,1
0xA88A56786c8d1d63D0735b6018f623a6aAd84aB6,1
0xA8518a2cCDfe353844F2fB553B90D8E8A740b347,1
0xA82A2A2e1EE8b337Dca7CF4Bdb28A6556f1575eC,1
0xa7f064B2864F2c7d359e18593832C805F316187b,1
0xA6CcFDA51641D5CcE7F2B376Ca29FaEf8abdC0D1,1
0xa65EdADf32e5730BA78415138E10751f317e4De2,1
0xA5a5933ACC392e9E54b270ba5775D2b053578861,1
0xA534EEeA097D3Cfabbc155bAdAA7e09aEe07E343,1
0xa51397A1FEc049318606940e5205d3Ec298e5196,1
0xa4C836a2d97B1aaa67E59E975D3d84fcc8E4381B,1
0xA4a2B766c4BCb4949EBdb584542bfc039C7F8F58,1
0xa499647E22c9b2F6d5597b217E2D9EFF2289D1F3,1
0xa498b00A4A61C684Ee895203Bb93eBBF5C6da000,1
0xa4965B18b729EA4EFEC7181dF9141A83029FB729,1
0xa4854578871297797aFd2dDD0F2fA69FC01e72eA,1
0xA47b5914914719Bc25Ae6A8334B1b2f511273782,1
0xa449622183A2c98208F9C09Ba6DF0e86d79b7e6a,1
0xA41760Be87c9e366c25124ed3E482bCDf24FFCF4,1
0xA40F2c85F814827D9bC01D6E2e6328832991076e,1
0xA3dB1d010dA86bCa4e522E40a6B6B060d7543C90,1
0xa3b8e69E4B528E8aAF948a106126B5528427143B,1
0xA3B00C06234038BF90138a22af760B61747844Da,1
0xA37Dd7c67c5C985Aa56f7cf362b29D83C3F36816,1
0xa3114b3A064Fe66febcfC38935619c2030820c6D,1
0xa2FF3E1070bBede9E631B98a79F4996bAbE3C395,1
0xa2aAAEe87859A7d765D8439419534Adea18BBb87,1
0xA26aF2851372264B5eD1A481b2a28EbEE26cf6f0,1
0xA1F0D97364aB1bBabca5cc3510B2C708aa80610e,1
0xA1E8260f024ecA7E571bd09B21d71372FDeb5A21,1
0xA1bE929d4779F79809E7aFd53Eb442D9292D0B84,1
0xA17fB09FfA2fb5fA13b89cE840E53b53C5C51817,1
0xa13131208502Db4B4c028CEB2F364C85AD48e4D3,1
0xA02549cD0b2ED268dAB4B1D8e98Bb6F4a076262B,1
0x9fF38Bebb8dC4F13cC5126083FA76aDbce4760F7,1
0x9f6c0E6E43EA7c8547F43c1966595c521b495eD7,1
0x9f3548946850e17655F76A031C7d602202D8F51a,1
0x9ed52114a963f2f97B3f0CAa72BFF0963F806108,1
0x9E725E0916675bB4f7C00a3CECfdE4F50B932Cc6,1
0x9e52149395C7a29eA75c79C79D4cc159a4061C6B,1
0x9e4C48c7c7d758Af0985fCc360ae6B7CDa662e70,1
0x9e27ea9B6D02EA5859a7883A6EF5EfFAe88964fa,1
0x9De93073243812A92965fdb16e413EBA04b27c20,1
0x9d45213AFE0DBC727216F3B55756775672Ca315A,1
0x9d36E6c4360F71368901d5FCbF5675d020640088,1
0x9D2FDeeb4F62766073Abaf731Ec3Cb4324dDF9b9,1
0x9d2FBB357c1017508f098D69Ae7f19d63241D656,1
0x9CB93b3fd872a2BCFEa55E3eFce03a2e1d867611,1
0x9C529Af39499Eec506aC31fDfA13bb299C2C2A55,1
0x9b50f750Dc4Eb597Fd5BB0B8C435D734782368fE,1
0x9B19bb1fbe8978D8A2454cC3b812DBf1341E03B3,1
0x9ac178571187A40BEF7c5Cb61dFC3D26c7e3F571,1
0x9a173ED3eF87a77ce6C11470116FCA3c6ba18Fd4,1
0x99D99cfbf96807d3c08AEEA4280fD765a3AD635a,1
0x991Fb89Df7F8aA26aB65EEDE2651f6a71371163C,1
0x99020692Bd7c0a1a1f271B57541F07ccc4C16d2E,1
0x986aAc2836deBD70004E328302A302C28fBc287D,1
0x97b97E9C002Cfa3b5ce4d306218E76f062f2Aca7,1
0x9798cb002d0ECc90c1ca0cdC0eb480f60aA473f6,1
0x973322F3f3d6eA384DBc5a1736C4B1F57Cc6db9f,1
0x972D4eF3e76391b709e34872cCbE5ffc40E6bE34,1
0x96Cb84ac416602cec04B6778fa3F8e588e84cc95,1
0x96A9aC6722eC54695CB6C5dd1506699f29Ef4Edc,1
0x967fb1f4261d8017E7bc58a79344E7ad14F1A43f,1
0x9645AE222557FE2006D4F8489E94498935aed45d,1
0x96118cfC371C4B5b63Bb738e42b61C7161Ce3B5f,1
0x95f2196342551cf829ff9d9FA311Caabdf55993B,1
0x95F1946634F3F819E4b3Fd61559CB2187dE29e27,1
0x95785dDB6b7C2069520a547BDa324359600Fee01,1
0x957256fde0448ef51C38c090d3D3F2975598FAD4,1
0x955DA9462C4960Cf9aEd82B111c12FB13704e09a,1
0x955aF4de9Ca03f84c9462457D075aCABf1A8AfC8,1
0x952B869B84d45821F31667771BE7E8C51D7d0316,1
0x946E99ED90D791D562423c363DdC92AaCF4e0ACE,1
0x94448e2136C28F33B0b81e5E5c06a08418483DB4,1
0x935156Ec1744f201EA52db50CCA6b6B3930eDA13,1
0x9327cE696611c0e0488685B0033BB397Fc52cE0E,1
0x932495854926c6Dbdc702a05a34CBEDF7D7291B5,1
0x92E216ac6Dcd7D67F138443f95fDc83bD7dd398f,1
0x92dB9DF83905B4874842cD44EcBAC39E61CD7111,1
0x92b52e6441A9e2E03d080E951249d93dF222f855,1
0x926A24a80785e7A57F38b0B8Aed9f73500659F4A,1
0x91cf80268b177e4d803d3940e3f857Ef74441718,1
0x917600f1D97b201D769BB8e7F4476e619550F0a7,1
0x91664672896235dA1dAADc4955a22a25851e942c,1
0x90cE9053b35E6432fA3e641709d3f010B7d442ff,1
0x905BB417631d271b5b58C5C282Ba9148Cb106AC4,1
0x90551e9E1Cb0c28AA6A9E99878B52d701Cf51553,1
0x8Ffd26c12fe0fb5e7f40B094379baB80846CfC42,1
0x8e5AEf578D6AeFc0be4eDB2bE5c300E8207e1fEf,1
0x8E32736429d2F0a39179214C826DeeF5B8A37861,1
0x8e30fD2942f38c74d0914df32b764E9Ca704dCbF,1
0x8DE6b6c0c587513c2D23d39C20Fd491f08d70338,1
0x8Da2c6C53A25467B8f184c7b42fb4a17D0A89841,1
0x8d85a53534949EE9cf77B292afF806a5c2133dDE,1
0x8ce9291F77195877658ED285a42F34e12A3517cf,1
0x8cCc1BB0a62cD71CDEC1e3dC78Bb9022522A97E3,1
0x8cc863dccD253551660223d826A0710D4dd8cbC1,1
0x8C99434d4100E2519d26778679aD443f9d207755,1
0x8c93f5F1A8Ac534542d837EBdCEcC55A4a2E836D,1
0x8bB647e93587b27422920166D08c640161B6684d,1
0x8BAbc490ddfd96DaA736af27Dd6B708c5A9Bbb64,1
0x8b17EAA4De0598e028f4526FC8844b1cBabf996A,1
0x8AAA8E6494B13116AD65168283EC5269479611Ff,1
0x895E0abBd90b40b2CcD577fA822BBF5DE8309C4e,1
0x8929366d508bb2eC2d21b85CcA3Aaa4674b1451D,1
0x89005b04ce7218d0c5D3534a15d122A37C089427,1
0x88DD10A5BceCBa71f2493cB261b181f57943040d,1
0x88829b6cFbd56148DBc170C11ff935DEB76EB55C,1
0x8824b4498df76f681E7aF53E947F0571C2f6941f,1
0x882128a190a594497FCBD10Cc3fe01bBd7d376fA,1
0x87F11229f191F174d9BE7b009a0e4281EcC2E4f7,1
0x87c5466b23a3fFe856E629Bb1C4A3b0eA87ef536,1
0x87678fB71E85f6efAeb39C03803B42f086058FB1,1
0x870f9791e894D5E72098d3cA1265E2cf400DE7dF,1
0x870904625800869E97600Eb281D8A7c707788BE8,1
0x86dBdaB41846729C6fDD33481564ee0Ae24dD197,1
0x86cf890E7712339D24F70d9B799d0Bfb28b221a0,1
0x86951B2E7caB5c9CaE52de4329c179432264A159,1
0x867979e476FFd6104Af82771426D3F602718d666,1
0x863200854AA6f18c7E8F2D554b20C709199A7B9d,1
0x860488D4a93944868252a00a57dE241c0D69fbd8,1
0x85FBf38E53E25A6a4944ABBAaEDbf5AF17496b9E,1
0x85BD6874CE656b3ab058DF04d1b64f30b15d350d,1
0x850FFe453d4C6689b7932b405Bf6Cd435456CE77,1
0x8496D88594fd60852d865BD4305458Ab907B90d0,1
0x84332F37E6EB188Cc7f45325ea974F62310f6a06,1
0x840d549Af1c316205488A18393ca7AF38fE66D10,1
0x8391F53aa4ff3Fa09ae396c23Eaa1bb95e8005De,1
0x837Ba81662500bfBBF926a6967df6Fac60253B04,1
0x836c6Aff634A345d001DF7c7E434687E6E927451,1
0x830b98f8f9d3104ed195a2EE972D5E3989897118,1
0x82B471DD33CED97c295827148D75Cf0faC465c47,1
0x82808e7F8383aabea5592D547b33D27d84d765Ff,1
0x824Cd75db050A171bbfDB8067544BB009a866B87,1
0x81E9bAE2cB3391A0e85456Afa1cC0F5CA08367F3,1
0x81904764765C6BEd47fb1Aa1944CEB12C4fF52a2,1
0x808A023B72260170c95d831F589A1ae0DCa1e43E,1
0x8039a9A134AdA0639891D08b45FE3440c05DbF62,1
0x7F9b04FD81Cdce9497cDc2302933E65f42d92f28,1
0x7F2C67895Eeb9EB99f4d3F4ca7907E61fed738cc,1
0x7ee3f64b21C818c56D652e5C12D66976AE7D14cb,1
0x7e8F46f0e84bE9875544a21fDB69e40661229963,1
0x7E661ac52e2578d56EEEC231016c7B4DC0A73B75,1
0x7e526CEd780a8424C66660342C69FF72633162d7,1
0x7e39178adb2867bD0Fa0D27C16be4cb311a5C6f5,1
0x7dA521cBbE62E89CD75e0993C78B8c68C25F696B,1
0x7d856E72Ca093b44aC278694f81E1dc02AcA9060,1
0x7d203b9b0906cBBDAe7Cf83159aC42ac33AFE00a,1
0x7cce04b75A79dd02D10f81Ee8F0d67069dAFa10c,1
0x7CA59586338fF416769846Be369E1706b18F4f89,1
0x7c53D458f1186730C056F1275250FA4fc1253DA6,1
0x7c475b3225Bc63d3ce7F27ecA95c1f5Eda683794,1
0x7C21Cef44c73e056D1C33c3EC0E62C5B06BD7d72,1
0x7bef7FFF4b2DCfc39Ed2Ab73A9C4A8C5346B5282,1
0x7Bba80E55FeD1812974Ea0dB50E58D3f82348c1b,1
0x7b83eF52b903D5eBb8776072EeEAb23B66658f77,1
0x7b681844fEB64167d069533050e23014193cF0de,1
0x7a7B486Ff3e062F6D8a5568CF39B8c281f25C798,1
0x7a73391826492FDffeA2F533198Ad6112E0F74F6,1
0x7A1b53500D55a28B1a116e043075eC2D1A2BE210,1
0x7a1671067ad16fba6B2414FfADb2E158DBB0c935,1
0x79D26BbdF03dD196f70A807e0bF84C4b2f10FAb1,1
0x79b8B4fb6471e5aF23b7edb33eEc865E359f12fF,1
0x79A485651497C30cd31fb7f6dd1F9b1Ae1D34a94,1
0x78FA562DB71c28Af6E0643324CD2b5d3CF2bc6ef,1
0x7878c4d495590caD57C76091B600f5491bE6b949,1
0x787075E3b69d7Af519fE3ABEaa8F83AdC4Ba7C38,1
0x77E18e8bf311dA07F8Fd32c4959eE118c0ce3B56,1
0x77BBcffB0042a4c563C503818E278d2c6A776983,1
0x77aF5135395BcC5e98dAcFfa851753324F136fF4,1
0x778c65e3fE5E837ed708C1bFd8C60d23DCBfD49F,1
0x7746CE62F1B5f393Ba68B587bC51CfA21900eb34,1
0x77464aFa8Ca8592f51CdEba44e5c31EE3aA50D36,1
0x77366c28F88e4fADa3c28B213410E0021bc93378,1
0x76A17ba2E2d5d40a7b5F187E8d29Ec8Bf50413d1,1
0x7672Bd6a396425B9F6c3C5376C619F0F09c11F14,1
0x7624066e1F83954dbe80c14182E6920d084B308c,1
0x76160e13c32C913D22eC16d88Aca501952Db18A9,1
0x75c421dcc68E95b8243c655DD5284a6351751cd4,1
0x75B555ea9fb26f78E8014805DFA49E2AFb7b9778,1
0x75404fe152420252909A66A2398e25e2f2C95f53,1
0x7503CCD5912E253e15ba53DCB47b752bd801276A,1
0x74ae5341eaebE5F60D453E50Ee21d1E7049101E2,1
0x7488aDFD1a8A86504149b5A88c8Ac33eFFaaA9B1,1
0x7457667ee63BCa3c134f246af687091e7E259Bc2,1
0x7456AEe86A79df9a31db896c9d45833028b8bc0F,1
0x7406b16A29cddA932AAD191ec5Fa06625A8Ef8c9,1
0x73345D24A75a4ECaacE012A1AFEa3782179E2CaE,1
0x730e81BD79260A037d692fB029e38E48543B2950,1
0x72D1BEFB45C38e2c137FA30c5e222CCD3629c110,1
0x72B30A2547c237bB1FC003E2f5fdb8b01127515b,1
0x72a8Fd10848587414C5ee0dEAfD7eD92e779e3CA,1
0x729F0752D8bD0F88cBEA8cEdF8De7ad5E07b3495,1
0x726fC71498415fbF19ab3985FEACc395A8F4cfe3,1
0x72600A4262Ef6Ba3CAdD68E1A221dd9412B54c12,1
0x721FDD43bd765C6d645CE240d9a5035a148E4338,1
0x72150646B4006332652F2a8c85C9Ec3815901329,1
0x71f0027185FcEE1AD585D6CeAA0a92d2Ab0095Bc,1
0x71e85d598326A56fF57A52f1A8C4af34269a99f9,1
0x715bF44b20fE6eE264838e178060D66733231370,1
0x71571c42067900bfB7ca8b51FCcc07EF77074AEa,1
0x710c2645f37b9949Fa394353702d51068C7440A5,1
0x70DDC5f682117D61cd994D67021089Ef961dB827,1
0x70010c3e2D8b3795cee1a90dbDfCCE4477716df0,1
0x6Fe2b131A371D16DBa703db48763D45434457e8d,1
0x6fDCC05E76bE9caCe5e8c84677Db917395b9A2cB,1
0x6F2a0C13483C06d0Feb6935B0fa4a73B0C0557B1,1
0x6E95D086E76A5F6f0aBA6d48645AE1DeFfB17DC1,1
0x6E826F8b29929ad10007f37c1209fE79ce0Dbbf3,1
0x6E7e7b524E90e2D21BaA68870C0b7180C5e45640,1
0x6e66E78FaB712c436C0B6fa3a4e08E548484606F,1
0x6E151767B082C8bf14eACB8628681429CA4ff892,1
0x6df61319898DD27287D3E507D399F9137506Cd2e,1
0x6cF51d5507679A0294C08877Ae06bb30b6e67e9F,1
0x6C7e7fbFa69f4B5A5Ade1C27BC74fa4290a3b8A3,1
0x6C3828B5aCd1bD2bbb11fC43d1f79c2d423fdA8D,1
0x6c23f89b6f8D29249399EC4DE6d8B8b479A05D7E,1
0x6bF0d446a60b83EA424331406673C91B26Efb7B0,1
0x6B336E0a5266cc4778a86E6a8e0Ac3D4c0e760e5,1
0x6a9B13Fa218DEC8d4f4c26528E0bb66a957fEeF9,1
0x6a58EB4b32E34F34E4E2353E4996235a2Ec828F8,1
0x6a24DB557422234374A76016e6e205a0faF3d8D6,1
0x6a1CaC3fC3f65bA4F2bb9CdE53EE7F1490d084f0,1
0x6a1afc8a229d820015361Da64819e64E6A0258F9,1
0x69E30734eda3bd02DabB5152122b6438593DcD2c,1
0x69D3AAD91d24173548D3887673580692BE4047C5,1
0x699E14977Fb6110321F8Eba2BBD526c841F4A6c4,1
0x6972e222eD2610cF03a1D19aE4f0F7Ee12c3fE7d,1
0x6963B940c563Ed9add515c9b4c800FfC69B6773D,1
0x694a20d325199b94698778F2deD782792516A726,1
0x69406d10FE85d3d4aF8daDbfDC3825D0F6fb74Aa,1
0x69155E7cA2E688ccDc247f6c4DDF374b3ae77Bd6,1
0x68659DB9bDC969ef5925fDaB9864e793Cc76AB54,1
0x683cb167bBBaAc13EFc8F84217B03564feE5a291,1
0x6835fBFE6321c3609848bAaF111147EE8d517Ce6,1
0x67E4F291E89420C0FE611863bb9139E7dce82fB4,1
0x67DaC0bBD22Ab2821eA982ac0542f6c409cAFe3A,1
0x66f0be2D073840bF0EeBEc621caF21Ab97a3C391,1
0x668E961736454a2444ADB485340cB7F0844DDd3d,1
0x66834Ff46b1644618141AeaBB7Ff116bA3E4dCDD,1
0x666D254B723cE08978EFA1715978767E23Df6126,1
0x660255Af9Aa0300BB168DCe9Db30A7Baaa88C751,1
0x65F86a02A058fe43372D23b920065A6331ed7F52,1
0x65a313fB7fCD48f28d9574C5F237E0f2C967E18f,1
0x658D8bC956feE4C683459B3f1AA6D3183e1122b0,1
0x6530324444CE64309FDC205b17132DB2879a0670,1
0x6516DEDe38F2E0791FeFD07c2E550dF3C87E10eE,1
0x64E243Cb1a1b11f87152a64442c68451b9C50A57,1
0x647F78e0cD0Ef623900714cbDDea0E8695A22FeB,1
0x6465e1dD2A93BD78112D6e5f90b1eBeEBC2d9765,1
0x63d5cb498e8C58C4272B9ccb86C97B6fAB99851F,1
0x63c347d7e42b940e79AfEC3D172bFc2921b6c897,1
0x638bDEbdb49AD0a9e8E08a8158E3d552A4082f1f,1
0x62EBc4EEb11e18051CDd423d9B37A03F65ace892,1
0x627B63DA1391DEaC116397A09A6EfC644375709E,1
0x62128707FbF56ce35d4968de3825711dd604931B,1
0x60D4D93f5aedDe143ab93C5223C3c62AfcAe0859,1
0x60b4eb0eC4B053Dc137D3Bc44Af79B29Dc7315db,1
0x601369034Ec86192bFB3ca6EcAc95a9C74729C9B,1
0x600e262Df5dFf3A79eFFAF024CbD20c5835A01bB,1
0x5ff56AbC3198E3d080a90e731Cbf55B4d7526831,1
0x5fd5138452aF00E092AaFfD84722CE4140db424D,1
0x5fB47d193C3b35054c4EE5D4fa00b225ff94F110,1
0x5F7beC37C579F2d736cdC522D4579EA55314ee3A,1
0x5dC8e8eF1116a8C891fd108895171FdBADcF28B0,1
0x5d02c857E98465f5b3a957B1f43569C4dAe58cA0,1
0x5Cfe303601B458D56Fb0fA51BCF94E457Ca23AA2,1
0x5cF8cFd5ab2b4f430f70ED0960C145ACC69121E6,1
0x5c79A719c9FdA77D76220734a7eE97963D488869,1
0x5c5ca526F7a65b1AB48ef529dDd6493601b6d160,1
0x5C0A3834648c766dfA1c06B62520F222A4cd89A0,1
0x5bB7ecBFB2F1c28a60F55b7691E1A1Fe786E6907,1
0x5B81f894e5B0D3B7361DEFa454F50736C2aDD7eF,1
0x5B678326D14FfB2864F7cf733292c164E007800e,1
0x5b51cd56B67d48132C2d687c865457E24F768F56,1
0x5B058879a9Fc661F93EE6127c755B1103bbA58F4,1
0x5A6aC5D798B0B4963290E80E1CDc132b28576b00,1
0x5a61dd9A663a868144660F5fB7Dc8dB68F0500Fb,1
0x5A03277b30a28B614f227e1F6c50AA5385bb6c50,1
0x59498B560F0f8504Bb9AE691EAF4D2E585336D18,1
0x585db1833EFA847aF75f748f5edB359F286106A9,1
0x580261791A9e0864D4aB627e57Bc10Ea7c53Ff3c,1
0x576f9fDD019204d39F0f42414705852f438d7117,1
0x5762f2f83284EDe620FeDeeE53B3d54cd5A5CE2e,1
0x56d26D444BBB2bD45C0Fa1B12ed1f8aa469d07b0,1
0x569640a09Ab40b00F31f9d4f110862DAC1Dcec48,1
0x5655BF7BBAf00145BbF975b57825b144A8275150,1
0x560A9288Ed8192Db3368682551b3bCB67A402DAe,1
0x55Dd61770526691c57a2B65447e3385f2C2FADB8,1
0x556c8c13f1E7df1f7621b560906E8Cf5F320BE7d,1
0x5524c33467183C56D37D701B6D90c1773049f16E,1
0x54e917896C2a7Bd38243De99C75Aecd702Bc1106,1
0x54B4E4A37808B8d71A07F494eC20CfaB80e2827d,1
0x54B4B93E56a0C65B93CfDdb7327441661319ca51,1
0x53695fAE79A11f1E91AacB73eA37E36a8C09Baba,1
0x531b9770dDF97F50CC443DfFC0811620ffC8527a,1
0x52cf1d5027CFb7C6AB7584bF7Bad83476D3a0404,1
0x52C1a0faC519F6C42204467A80f4EA2FC44A09FD,1
0x52b23Bd2193D02a6fFF3d5Db2d8E832ca2C73E4E,1
0x523e4B3530C03Be52497B2aFF40a76Ec6d0ca6C2,1
0x518EC1006d2a9518388cF862369b1534190E12Fa,1
0x50d9e3891615162Fd90d70559b92fc941bf428f1,1
0x506e211e2597e7697309A532cB6227a0b559032B,1
0x504e1F8559Ac88873C2C3550dAE609621ddE7E62,1
0x5034F5CF6739C9524071fD99E1EDeaa4B53090e8,1
0x5018fdfbc087d7c991030B4e535612D885b1D683,1
0x4FedD69D57Cd378A0906Bd185b7678478868E719,1
0x4fca356f69Df6C9db93Ac8F7bE32a2c79050069D,1
0x4fabDE849F3D23fB952eC868df6ae0eb97961207,1
0x4Fa18D370C39FEE1A208E993070109717c15E9fC,1
0x4F9306254D91E59b80a068ABE727F3D25398294f,1
0x4F0De440a4039Be1F2aCC1414b35a2dD7Dda0845,1
0x4eB364a8EE3863B70220483B84bbF109830DFAA1,1
0x4E9D27A948230D34ae7Ae4b5496Fd0EbC6fAd218,1
0x4E8d623832e7741CBE72Fa1481FbbE80E48c8894,1
0x4e160360d4975277f6a7ec5C9ba977a6848Dec58,1
0x4D48099F1167A138Ab7c1011937efac9AdCe284F,1
0x4D3e0974FAC3e1D40f834f7494Cd346267988e0c,1
0x4D3D9B456f36742a2027BE1a5f941bbB1fd2640a,1
0x4c9De23f22992a51d6790C877870D7334b053d4B,1
0x4c5c3Bf1D7E22EED545fc9BC7cC7dFDD9e9a82eD,1
0x4c2A9F904D97E868D3339AB98071140E46A458CF,1
0x4be16253DFe338e7fE6A36BC1008f720183c2919,1
0x4BC14A519A97D2Efa6Bea98BD44AdaD85c74AE1a,1
0x4bBe0Fd0bDEC55E074C5E6ea9f4f627AFf31E93a,1
0x4bbD83915Df919D9631BfCC2729EEF92482B1566,1
0x4b97bE965B38c20b7e6C78c1234aC7E13fC2C5ee,1
0x4B7bcb3D16d9B3D04813d7814476EAE5aC4AC5E8,1
0x4B75eE116aCDeC99C285410F08BDB02D11516384,1
0x4B70b870182F65E43E7413Ec33878015EAb7E7Ff,1
0x4A9dB0637f2B0Becf984Ef1A810f8f483fcBd030,1
0x4a47B44CD543157f37061353a6050f3E9F2577E4,1
0x4A309866D288F5bcc0F4AEA449F2E176CEF976aA,1
0x4a1F314b2d51d2f34A3d7265901671C286dD42FC,1
0x4a16de74A784215e03081C308EDb582F0a4568C9,1
0x49Eb2617cB28A76FAe711C3119B5E6022681036E,1
0x49a3Aab8EBe80725646937b9E9f6f8b4e9867bfe,1
0x49714FCB7897a5FA7b837aFa2262c59B88394D76,1
0x4950Ab279a968016BA1a852C7888B64154D65dd3,1
0x49430D9D305dC274fb50e1296Fa489DDa72703d8,1
0x48BD7f6658A7098B83b51b1b6E7A509e382D8aCf,1
0x48b3EFa020048a006A0e9FE5Bbc2d62F3e388bad,1
0x489D69939b4Aca357f630055e351A81F1Fbb7Fb6,1
0x487978506C58dEeDfc22a12e02a784d07c27aB71,1
0x47f425C7Cd2Ddc0294193994be84Cf02a2360E77,1
0x47dB547478a00d53Cb0D0342fE14A20bc3AC0437,1
0x47D228fb786BB14117625147f1055638F46b6893,1
0x47bA4875e8039D6Df21c85Ce8c543328794d4Bc7,1
0x4797B4e6472B6Eea030B0661A495DE6Fc042089E,1
0x476d3cDBF988AC7C8ECEfb152965A5a9C5EE0e48,1
0x47589353ddE79ced0B97cf8F685A34657d752C19,1
0x46F39DB75cB099822a1f0079776F21DBC61dBdaA,1
0x46CbCDe717706033C986C48C500FE3D67Fc5ea86,1
0x463D248F167EA0A3C86C64E6956515739BD6FF61,1
0x46392113f01985E2BdfE5BBc543f260e8048DD07,1
0x45dFE810aC38CBe2b9e07DcF265B54261CA9c22a,1
0x45D6BD4FE5ce9361E8c9A303Ade80E7435F7BB60,1
0x45Ab04C54264F485eeF8DB0c20E531E9D37cD53A,1
0x4590F5159338a5E55EeB331eF38fAc2Cc905D58e,1
0x457F48a0bBa2D1aB06AD6f9b5F6d8Ee9c457BbA1,1
0x451cFBe715CCE467B201c68D411b75Fe7032E308,1
0x44f5C4F7b152eC27D91bfd5856efD76804b3090a,1
0x4438DAf6863175D0eBc8Bb828D890dA9895c36e6,1
0x4424394832a32102F6a555789D307F9aCf4Baa8D,1
0x4406e6B2D125a401aF00A5067DE26e920C6D4524,1
0x439E24D237aBfC79a7EE68Dd8E28dB14f52B051e,1
0x4319A9b67f68473770a35b138Ed65D20c16cC3D3,1
0x4311Cc3bB03a362dae5E0b78eD929547Db858d71,1
0x4305ee45178aAA26d2bD08208ea9d939408A6172,1
0x42fb27a00aC4dbD01B2CDe886126Ee206d9F89a7,1
0x42DaccDbf7c81b9d186eAC39034Bd47C3fff2300,1
0x426fe7d0553b9AfE2ca36B4168EC67AaE6457b9C,1
0x4210fD4fD4402a1fC4Fa4f2CBd5a362653Fa9aB3,1
0x41CFb96BDF9D9074949447585A4387453A659436,1
0x418Fc71Fcf71532F9C92f017fdbcEB3C967509Ac,1
0x410F657Fe682f7984a09843156A43e5C2E132D19,1
0x40bC680b605c6A9824860ABB101e482A8131e108,1
0x3fAEc76484Ff39fdb6871af6f356134f8c8c83E3,1
0x3F9d4869D78d34Bb5102A8743D236Dc8BE5703ea,1
0x3F7F3E2A103cFa80658FC7Fc92a068e19A86B892,1
0x3F1811da893Eb8c370385354c601f63952f42770,1
0x3F0B9498Af4f998E50C4fDE74948029551cda3Af,1
0x3Ec21f9AC276BF71b0e7f26fBa34105E5Ae65495,1
0x3eb8F88422dFd2AeCd1969E24443281cdA239aCD,1
0x3EA41fbF5Bf237e1C2167b39a3dAE5D5CD199131,1
0x3E80A667a6ccdc8Cb889a5bf830CF0f79Cf38245,1
0x3e1BAE25bC4eeb818Eab90D51E3Af356802d4Db9,1
0x3df6Dd710BA23A2eF56B946Ed4980d9F84895d1e,1
0x3D9f7163654541B7Da4915D3C0F600b00BF4099D,1
0x3D8cFaF9645Cb665858a1529fcEe81FC8870e512,1
0x3CD01adfc7DB3AbE646E3977cf70FB3b452d7f57,1
0x3bC6993D741D5Bd84712e358FDEc21a9Da393a69,1
0x3B4b0D8853DB68f290757E8d5de2e5C7893ddab0,1
0x3Ac4b9435372ce8ec8E8AE0d5057C9Ce1956750c,1
0x3aBC79fF0A835caaC1193D2EC107938C364E1e82,1
0x3AB67a4494C95D0FD93e95dDa461557ACeEa2F4E,1
0x3A6A9165BFC2d8ae155d972594F246FEd98B0ff5,1
0x3A270dcE0E0a0DAD62CFB13B842cB83b4e862891,1
0x3A0884449E50A524E4fB7676dEa4e06A7E0F4159,1
0x39Beb34d822c31571081D1B99473a981941E4249,1
0x3970A05a325D688aFcdbC44a7A11Bf3242e05535,1
0x39555C88dD5a59A4556a3658c89F3DFc7DF03Ad2,1
0x3953acf5ED5EFf21Fc80a7b8ebc84DBAc79a5693,1
0x393b5505807dCe9f57ED9e285317e15fF0C622A9,1
0x38e0d8Fd060D9D83533c73d292BF15d0B4AEd403,1
0x38A564A38Be5DFb6eF2AB765dA1e4397d03C2D62,1
0x3894aa3a2CDa794F4B68ed743CA77A49f1f849F6,1
0x387cc51d78AE9713280D5eF39a6144C8e69b8C4B,1
0x3860938314A8783d27F5Bf42aDa92D20d2666046,1
0x384cE5A3eE0647183f0ABE96952839eDa9faE72F,1
0x383Ec4dC4ba683d37F618ac387b36dfbFDACB0a7,1
0x380dE305d67f4D03cD12e05880584Cb68B2d4F77,1
0x378476669E891dA8289B326286d907Fb9917b359,1
0x371edA51F75e5E16E91BfF81E3b6C0EA9661947a,1
0x371BB5c8E7Ae7c33Ae22776efEA896838FCFC9E2,1
0x36B4EB820410B3F06aB3789f7C391081327a1Bfc,1
0x35C3be2B66785E5761a58EaA74ABddBa9169b06C,1
0x350515E558aA03DAC0E14A0fE9AAa7479D775DA0,1
0x34A110B512DE2Bc6dB1242d0f39Facf000AdE7Fc,1
0x348A1F084f652dC1a6AF8c57e5F279608Dd56B00,1
0x3443ab1e5b0E08987eDe9FECf7276fBf5F51aBab,1
0x33f2DBdbe8e694EB1f59a057a2d78189b2217B87,1
0x33f09Af1f09Dc576C9e548Aeb1e1dE348F21E018,1
0x33e2EB3fB3Cd279671c04C63F7d1A864D7E3A4a7,1
0x33bdC44333a0a965B6A79c505E1484Fea5611EeB,1
0x337F77731C5E74F4Ab932AF951EF53F5Ae1DDeD2,1
0x336670b6E2679210F2b4d2917fC6EE22801f9D1f,1
0x33081Fd89257622324A2EecDa19BE625E9Eb2585,1
0x32e44eC6f92895de2D72ccEA4b9A820d5280edEe,1
0x32209Be8f619DC5D7C321C1E3edd5C00d3Db2184,1
0x31f0f72db2515C6663805973e113d3A064cE1Bf9,1
0x31EbB228fd26E876e76c541fFfaf64abfC0d43b4,1
0x31d0e99CAd9F8C9088C2C749342C13b8CecC8829,1
0x3195c3F94154364E897711e501e104f40D8e23fb,1
0x3193d7ECB0e1BC89995A59A4181cE6DB9b308A45,1
0x318cE35Ff79F7E3558999C0e351eb0279f98B196,1
0x3154bcd4Ce641cd726157D2cC3e9d9A26661D1Ea,1
0x31210DE9A816E21E7e5875827EA15bF15ce12381,1
0x31169b93C8C9bA252da75581E6ab611E53836E52,1
0x30E2E64A69814eD856ABB44a79F9239018c2bA54,1
0x30AA811649E7a6781a1E7f6c241885C0b655C22a,1
0x305C0AB34C48A482928CA08d4e1C60498D6d9b6d,1
0x2ef467742A91bBA3048966D033656ea5035499a6,1
0x2EE19DEaA604fc028557d92A894ab62cf218Ab00,1
0x2eC8Dc0D472616Aa55c81cf07298770Cd45579Ac,1
0x2e7735AdB640c4A1f6C72657c66FbD892D487d5D,1
0x2e1183b6c81068eB13B26Bf281908E4e5755F9bB,1
0x2dc5b4261159FFFAa56c4E197605d05a72A7B368,1
0x2d832b4E4B39208109f4a6FFAfEAAf4D6c63B57f,1
0x2D73f6d059a7e9dbE22b3aF69c850Cb302fA268A,1
0x2d4b5B5c8d1980d3f5e5f858F6163ED8B1c5dFaa,1
0x2CD52AEDcf5cc94f0832A9f44EF179DC945aaD61,1
0x2c6d438D7780618946D5473bDDBF251b716F223E,1
0x2C3E22F9A78DB06988439D1b5372b8d573D40327,1
0x2BCb6115D44D9842a18086EA4E143D3372648dBA,1
0x2BC1bc2462fFc588ee7b80B0F822083e9973071A,1
0x2b860C8bB829E3160Dd7EADf859631D29572C1a4,1
0x2B70891209Cc41Aa3bb608c3F9c3d64C2d284269,1
0x2b4a3eBB0B5be22e53d058029948d882b4afe27b,1
0x2B467A6a63D28375e4f213b5513B1fc68f3D7Da8,1
0x2B05E4BEE616A382fec896b5109dB47276e47196,1
0x2aDC0103203CD94ed03B5dBd1D7301fD548c087E,1
0x2a753D7Ec940E8fea6d85139358c22B92f77e6a9,1
0x2a54083168A938a072dbeCEe37BCa4289a5b1E5a,1
0x2A43b0311A3f661bD371027742c256B764029aB3,1
0x29D995Cc607eB5D2892923BEe73fBA39a05743ED,1
0x29c11BE4a70934195F1E6006E197b75F09941eCB,1
0x298a8041A97Cb17FEE04628a7543Ca106e692B99,1
0x2989BcDccf9d113a492A4fA101b9C4daBC6675Ff,1
0x297419B983e64118129473c55cfA4184e3dad249,1
0x29083D0E416685927cF008c8605bE3ECac226B5D,1
0x28b5FED8bB7Dc59B0e083786F2ef596D0a357aCB,1
0x288E783BF640fA98deFdc85d0Cc3D510580A915b,1
0x288daBe058394E684D01D72e56648fb7DdB9B77c,1
0x288A4e70Eba5d4f92e28F8CCc561E9fC947304A1,1
0x281058Cc98e8c85D078585eDB508898667AC4043,1
0x27191959700ca8C1A9bD0cF256d193f78845E789,1
0x26D5091bf8353f4553dfF080d6687d434dfB6408,1
0x2683850afe34e173E11A379CC1043c141f104034,1
0x25d4EF82374e02E8f94535efa18F224e1e715E6a,1
0x259d148468bc7c7d9dB54b57B6F4B80F53e4537f,1
0x255e9C7fdD070c66f5cA08EDC9BEcCdF91C115d1,1
0x25493740e4507CbCCe792b951A9eff3953B774CD,1
0x24db6427d5A1c40261e865550fd4bEfF7BFFe7dC,1
0x24B0Dd9c91307f5Fd8A139BF87284ECAde04aA3b,1
0x2436e26FA9d73B53Ce8390017C579e6E387000c2,1
0x23f1DC09dfC8Ea4eDc192B6ffD8a9b1b3E8FC656,1
0x238bEC99854b13095760264Aa70ae9e299047986,1
0x225403378bA822AD5698786Bea7936efE2e0a6De,1
0x223B451E0A427F411c9ce6F3c4341b1b50C66c3d,1
0x2218Fc2411dC8A588724C89b1F413750bbbf08aA,1
0x211372C39c4F42688eb2271693583FEa035d0AcF,1
0x20efF89e8971b8280a83CaAc68D3Decba96af6aE,1
0x20d07431918ba08aAf76abAc3F35884A6EEfC06a,1
0x1FF1E4aF2a215ccb51616F323a4a9f95299a6981,1
0x1E5CE6F088fD0adb4fCFf31Cfb02A61503311bE9,1
0x1e2b8eC34f2B18972bBf9630f868D2A4B5bF3439,1
0x1d918BF5fcAbEC0B1d126bF8ff96f7eb8e9d2ccd,1
0x1d48A35Fa96F4c39aFc3812875DdD85F57db91C8,1
0x1ccaf054CF2c0efD081568dFD87Ce779FF509cA6,1
0x1CA6d1Bd98730816866686F5325cb55ff4171CB8,1
0x1C788195bE7a705aE44A1130C25B20ACc26dC434,1
0x1C55D9c365F9cB5f09a6F98843F08C764a8F0f1D,1
0x1Bf2f04a033FF7a6753E99CaC4F84E67dC43636e,1
0x1B931DF2c7E14E0A43e4b458C3D513F0ed4Adb81,1
0x1B0B0fa68ad1CB0AA4bF8f0819bF5F494CD9e121,1
0x1a5a17EC1477AD8F687849597efBa33FD3E2dc76,1
0x1a39838e06AB6e5B1C68262a0B132CcA41E21183,1
0x196D2a24323eDa8eD674cEB2CC10a4ec00c783fd,1
0x1956455E9a77936aE57e6123899EdC84B15f9cbD,1
0x1951B80383f6A97d35659b8d2d355f644B50BE9c,1
0x18f825e6f43437c312dcABd367347526D3309557,1
0x185cDF961d21CB90d9ae75d5018e16B2e8Fc25F2,1
0x17f9C6E2cca389e42553C00438f2224C0245b100,1
0x1724587ca51042AEa7c2488dB83bd89c018F1C4C,1
0x16d885FB807d00C8DCbb6C73a57DA6d656cC2CB6,1
0x16064d4Aa19bD06F7dC6579365cBb27f92857B2C,1
0x15bAfe82C1dD46a593D43725AC9775A702f1E339,1
0x158fe15aF625B86752667827A5F71CbFf04f3167,1
0x14A5a065F6645aA70643297f64462001c7C1d112,1
0x14996486120658A8B379C9e1f6C648e3Ab17A13B,1
0x1446F9571bb859F524969BdaCfd470220F3Ea040,1
0x13d67263ca0737CBD19C7C230C7ef2f4419B71b9,1
0x13958D1Db12a019Dc0B6Fd32656dD75dd5232705,1
0x1341df844780b66AF4ccC98Ae0F34be87eABe1d5,1
0x12EF2cD4231D5CF655a6CDD4Ac1524FFaa439c17,1
0x12a38c1754051093FBa9AB98326EC46Fd0e9547e,1
0x12265B47c763cE011923d9e5692c93cC4e83a8B3,1
0x120e3e0D76E21db42B2812E45630b248FceE8bf8,1
0x11fAE5727251C91bB9fBCeF31B25f820A92ebE5D,1
0x1064f58bbD7Ed0A6DDc638D5f26BA772F56716E6,1
0x10495E143d79296d5222497b7245294dc9e2D596,1
0x104032B88EA3Fb5e8ef84a487A1Ab956fBa7c526,1
0x0f8A780277409af1d86d5fC8FD605bb1692ef18C,1
0x0F6756e569D778294542C806eBbb60A8681EDb84,1
0x0eF2f3a87aA1275f8127bF5fcee4dbF531964952,1
0x0Ed61a1952f34e762f16a14af603e9832C5Af767,1
0x0e8E39328276BA9cE5DFB8a1bDE2B09d002218B9,1
0x0e4E8fc0b29377E116470AD7f9fb7E47ad69E62A,1
0x0E3666a364230398c0d5D3AA3EeB8E128d6BBa42,1
0x0e0a4aa4d1051F76b985633812c475BD4c8c6E23,1
0x0dF37Efd2E9Ce6e2582FeBfC76cf1978501A4223,1
0x0dEf9b4811E4c4E9Da5ACF82d421C97B5E9C152F,1
0x0Dea58174c56cF7474f9BA2F50f2Ab09aEE01FA2,1
0x0D81C5f52108701E4265459F594d6C3845053aad,1
0x0D37ee8C6e5b12846F3f6Db4106824Da3F3B692c,1
0x0d2D685b3EAA41d9DB61e2D34CD8790E11bc96f4,1
0x0CB5a1794CaAd573d490c72c36eC7dA948E4E4Da,1
0x0Cac11a7D29aB8C87D8fedB9Cc736146f4fe8E84,1
0x0C61b5c72aDFeffA73857B54b9177561Dd297AAc,1
0x0C341A847f44400b35A5e9bC54E8fba85a720848,1
0x0C126B19Cc44bab71d50Ef8b752b2aBC548d3364,1
0x0b7B98ceb350a9C2c3b21df35D861Be3B0B724ec,1
0x0aa797b3DDf02dc31a7fDaBFb6BFb35B79c1F9D9,1
0x0a1a8a13fd2c3094B8F563B4944Db4e18bFcF90C,1
0x093A17d646F3eABcE54e4BD8673Dea17A545b698,1
0x08DdD16990Acdb23729C8b77363Fb9d446EC2D18,1
0x0829CA409fc92Ac16A9749033cCcFD094bDA2bBf,1
0x07F84c3E68d34359248F2bD2Ae3979b629343593,1
0x070E7f3464116C787836Dd1643e4A54363Cb4C45,1
0x06E0444De2397806621d0C61846394350436668d,1
0x06DD52564B68DdE77B4e9D4e0e5D325f9a86746D,1
0x0697C9181Fc10Cc9161018b11A4a0488F0736E70,1
0x05CCa6ff180c7F8039060424dD6eE51dB7619b75,1
0x054Becf10c79aFa4e60F75B187837bE9Fb83867D,1
0x0535bE3f20DC2Bd4cd772F1454631C3b780497F1,1
0x04E98AEd241F0539A322dCb0A475F09Ec6AE34d7,1
0x04d5a78E43E2cE0F8c1C0E00f542342F2bDc193f,1
0x04B970b2539E98755438E6da19b204F102ddE11E,1
0x03f7f340e71660ae72f72906f09dba3CeAa5DaEF,1
0x03eE1E0e4eaa0eF034aC81831FAe674135a4995a,1
0x03aF9714392C13838F9AE054329e042Fc00C56B4,1
0x032f6B8E9373b2658D44350A7E10990B7387885D,1
0x0318a3079278b5B30FF113494548B4c9d81E8De8,1
0x02db169c78de0898cdc0531bc0e88Df0e891f745,1
0x02D3b0C2d2A41149be91Ac89e2fEd7B85CBd5c7E,1
0x02aefd6D3fba8aE3Faa849433F36052BAe0ed22C,1
0x029339aDd846102f847B409cA425F232B60f0a80,1
0x016F17DC99e1fCbE08e6bF62A42f632340611b36,1
0x012E868121DB86b3dAc062F58cdC797c8879Ce7E,1
0x0119DE85D18A4aA8Ee92bC025bFda33Ae0d0Fc68,1
0x011211eC9576923988C2Fe5aA3a362528c4e7e64,1
0x00B50Fff3D4acc361c6969F439920d1201329a00,1
0x00a22e41cb5Ea46e643f8eC06526A9670c77fF1e,1
0x0040Df12FDDd28be28f37152cB51c28b18f71135,1
0x0031063bC6Bd13B50fb45D9360C7a094108318c3,1
